seed,size,dimension,clusters,rep,hdbscan_time,dbscan_time,adjusted_rand,hdbscan_min_samples,hdbscan_min_cluster_size,dbscan_epsilon,dbscan_min_samples,dbscan_num_cluster,hdbscan_num_clusters,cluster_rand,new_hdbscan_time,new_dbscan_time
721.0,1000,2,10,8.0,0.0161810559221,0.00651646405458,0.981775265752,5,5,0.968816927533,6.0,6,6,0.980144998023,0.018836323055438697,0.009498871047981083
811.0,1000,2,10,9.0,0.0162300518714,0.00737502006814,0.997975997179,5,5,1.22961327699,1.0,6,7,0.998651225073,0.017531624995172024,0.009081779047846794
634.0,1000,10,10,7.0,0.0162474678364,0.0180741599761,1.0,5,5,4.86713013712,4.0,9,9,1.0,0.017999700969085097,0.015635562944225967
541.0,1000,2,10,6.0,0.016263886122,0.00821596896276,0.995045513899,5,5,1.56828771594,9.0,4,5,0.996705291223,0.01797137106768787,0.012423210078850389
1.0,1000,2,10,0.0,0.0162958349101,0.00716828904115,0.965586342343,5,5,0.845466849753,1.0,14,5,0.966183961945,0.016370263998396695,0.0067446050234138966
451.0,1000,2,10,5.0,0.0164792730939,0.00942768994719,1.0,5,5,2.12396365112,10.0,2,2,1.0,0.020673720980994403,0.009688147925771773
181.0,1000,2,10,2.0,0.016496252967,0.00702828890644,0.985017783328,5,5,0.965830123746,10.0,6,6,0.984224127556,0.01651221001520753,0.006562154041603208
360.0,1000,2,2,4.0,0.0168227760587,0.0160336568952,1.0,5,5,2.06105060634,3.0,1,1,1.0,0.020449105999432504,0.017658842029049993
91.0,1000,2,10,1.0,0.0168394499924,0.00605237204581,0.857189059424,5,5,0.814834327556,10.0,8,9,0.899357190077,0.015992139000445604,0.0055987059604376554
631.0,1000,2,10,7.0,0.0168771459721,0.00649610394612,0.918821420763,5,5,0.848507417909,10.0,8,8,0.936936500977,0.01675158995203674,0.007838038029149175
361.0,1000,2,10,4.0,0.0170553370845,0.00642427010462,0.954878575198,5,5,0.879387301484,10.0,7,7,0.96303789071,0.01912517298478633,0.006564439972862601
810.0,1000,2,2,9.0,0.0171166351065,0.0141159810591,1.0,5,5,1.50483805027,6.0,1,1,1.0,0.017365965992212296,0.01326720102224499
362.0,1000,2,50,4.0,0.0171677460894,0.00551939988509,0.784793643788,5,5,0.864835416696,6.0,17,16,0.893607437986,0.018205470056273043,0.007926149992272258
271.0,1000,2,10,3.0,0.0173317429144,0.0110119271558,1.0,5,5,1.94046767678,1.0,3,3,1.0,0.020063027972355485,0.0116534479893744
2.0,1000,2,50,0.0,0.0175707160961,0.00895987916738,1.0,5,5,2.20643986399,10.0,1,1,1.0,0.01822213490959257,0.010204464895650744
270.0,1000,2,2,3.0,0.0176422921941,0.0145606969018,1.0,5,5,1.49437081329,3.0,1,1,1.0,0.01983564393594861,0.014670846983790398
542.0,1000,2,50,6.0,0.0177359459922,0.00664194300771,0.910687026652,5,5,1.20104408087,10.0,3,4,0.91288927107,0.020204027998261154,0.006039978004992008
364.0,1000,10,10,4.0,0.0179283099715,0.0188356530853,1.0,5,5,4.69487055918,1.0,9,9,1.0,0.020601366995833814,0.014607260003685951
92.0,1000,2,50,1.0,0.0179857208859,0.00543636013754,0.5835590408,5,5,0.638181482901,3.0,42,19,0.819650636197,0.018015584093518555,0.005091524915769696
0.0,1000,2,2,0.0,0.0180115080439,0.0050737101119,0.58213558584,5,5,0.166372559899,6.0,23,20,0.556240906422,0.018004770041443408,0.004634552053175867
540.0,1000,2,2,6.0,0.018029958941,0.0163914768491,1.0,5,5,2.77030586456,6.0,1,1,1.0,0.019605071982368827,0.023326153052039444
452.0,1000,2,50,5.0,0.0180560380686,0.00515204807743,0.323757767381,5,5,0.672872696465,7.0,23,25,0.279731671329,0.02050881297327578,0.004730017972178757
90.0,1000,2,2,1.0,0.0180923740845,0.0122341988608,1.0,5,5,1.28401515218,4.0,1,1,1.0,0.021123726037330925,0.01258441701065749
812.0,1000,2,50,9.0,0.0181153540034,0.00590491108596,0.899040811764,5,5,0.954824440597,7.0,7,7,0.921770036886,0.020460578962229192,0.006795827066525817
720.0,1000,2,2,8.0,0.0181431479286,0.0155591978692,1.0,5,5,1.94057492882,10.0,1,1,1.0,0.021488154074177146,0.016324709984473884
94.0,1000,10,10,1.0,0.0182198181283,0.019998912001,1.0,5,5,5.39822873723,1.0,9,9,1.0,0.018284132005646825,0.01588288799393922
180.0,1000,2,2,2.0,0.0183646958321,0.00727980304509,0.82972343014,5,5,0.418265692904,9.0,1,2,0.848606973381,0.018849262036383152,0.0068753540981560946
272.0,1000,2,50,3.0,0.0186720229685,0.00711331586353,0.986934397694,5,5,1.40728650143,1.0,3,2,0.973565223882,0.02128652110695839,0.007017147960141301
722.0,1000,2,50,8.0,0.0186906210147,0.00487356283702,0.380977842246,5,5,0.435028805922,4.0,60,35,0.274939836002,0.020824761944822967,0.00439459306653589
632.0,1000,2,50,7.0,0.0187742540147,0.00650910800323,0.977869619557,5,5,1.26345195378,6.0,4,4,0.980358030219,0.017861515982076526,0.0061603819485753775
182.0,1000,2,50,2.0,0.0189383791294,0.00689677684568,0.973011642578,5,5,1.34818951884,10.0,4,4,0.967006374854,0.01833777700085193,0.006518863025121391
630.0,1000,2,2,7.0,0.0189422159456,0.0148035858292,1.0,5,5,1.43558768046,10.0,1,1,1.0,0.020090187899768353,0.015915564028546214
450.0,1000,2,2,5.0,0.0189609201625,0.00448817410506,2.52803804054e-05,5,5,0.00559240685908,1.0,996,37,0.00103513026459,0.019678093027323484,0.004951403941959143
184.0,1000,10,10,2.0,0.0190645519178,0.0197671258356,1.0,5,5,4.08744692165,5.0,9,9,1.0,0.020527675049379468,0.01514915598090738
814.0,1000,10,10,9.0,0.0198389398865,0.0198623749893,1.0,5,5,4.44708275444,8.0,9,9,1.0,0.022501319996081293,0.015574684017337859
544.0,1000,10,10,6.0,0.0199962540064,0.0204478469677,1.0,5,5,4.48790069359,1.0,9,9,1.0,0.021645786007866263,0.01658533001318574
454.0,1000,10,10,5.0,0.0202076318674,0.0194423280191,1.0,5,5,4.2821211215,10.0,9,9,1.0,0.02146811701823026,0.01587691600434482
274.0,1000,10,10,3.0,0.0218005729839,0.0186417368241,1.0,5,5,4.18218037795,1.0,9,9,1.0,0.022742297034710646,0.017439597053453326
4.0,1000,10,10,0.0,0.0223765801638,0.0216937628575,1.0,5,5,4.34461004084,4.0,9,9,1.0,0.023234715103171766,0.016445277025923133
724.0,1000,10,10,8.0,0.0245284149423,0.0243657419924,1.0,5,5,4.25042182223,9.0,9,9,1.0,0.026283325045369565,0.02128668304067105
820.0,2000,2,10,9.0,0.0314137388486,0.0145647760946,0.935268495544,5,5,0.683947470367,10.0,8,8,0.944958173562,0.037055404973216355,0.013456608983688056
10.0,2000,2,10,0.0,0.0324969061185,0.017927472014,0.995866036931,5,5,1.03956733793,5.0,6,6,0.995071526211,0.035356850014068186,0.018364648916758597
550.0,2000,2,10,6.0,0.0326859201305,0.0167140418198,0.987138273529,5,5,0.889898560471,10.0,6,6,0.986217808228,0.03860675799660385,0.017380724078975618
273.0,1000,10,2,3.0,0.0331972648855,0.0347346260678,1.0,5,5,3.71719480931,8.0,1,1,1.0,0.04013156204018742,0.03273386391811073
640.0,2000,2,10,7.0,0.0333373968024,0.0151692470536,0.961171468584,5,5,0.613260727066,8.0,6,6,0.966626262135,0.03453775099478662,0.016768519999459386
370.0,2000,2,10,4.0,0.0334736460354,0.0143160130829,0.928572819294,5,5,0.527554484074,6.0,7,6,0.940125612054,0.03889174910727888,0.015206609037704766
280.0,2000,2,10,3.0,0.0335003091022,0.0134747019038,0.930385768003,5,5,0.504946600875,5.0,8,8,0.950866398561,0.03604508703574538,0.012274933978915215
460.0,2000,2,10,5.0,0.0335423289798,0.0154143380933,0.956659925619,5,5,0.68411045107,10.0,6,6,0.960529980929,0.0386400290299207,0.014868845115415752
100.0,2000,2,10,1.0,0.0339243637864,0.0162489810027,0.946898278246,5,5,0.779249938513,10.0,7,7,0.955497540484,0.035645575961098075,0.015495359082706273
190.0,2000,2,10,2.0,0.0339558920823,0.03350881394,1.0,5,5,1.73456098087,7.0,1,1,1.0,0.03621702000964433,0.033887004014104605
101.0,2000,2,50,1.0,0.0345423079561,0.0114255300723,0.360470931076,5,5,0.503760893773,7.0,33,45,0.516822313637,0.037679348955862224,0.010583410039544106
723.0,1000,10,2,8.0,0.0346944599878,0.0366872721352,1.0,5,5,4.05929111502,1.0,1,1,1.0,0.03985806892160326,0.03679338004440069
731.0,2000,2,50,8.0,0.0352313059848,0.0205228608102,0.987453364956,5,5,1.68070970021,1.0,3,2,0.974607824553,0.042306817951612175,0.021495866938494146
730.0,2000,2,10,8.0,0.0352566130459,0.0452470609453,1.0,5,5,2.19585280612,3.0,2,2,1.0,0.03926344902720302,0.048755434923805296
461.0,2000,2,50,5.0,0.035324329976,0.014541760087,0.90373977816,5,5,0.847084215801,5.0,2,2,0.912496590555,0.03584456304088235,0.015028275083750486
641.0,2000,2,50,7.0,0.0353696178645,0.0106164850295,0.429697896113,5,5,0.389575323024,5.0,83,55,0.354949242969,0.03796562401112169,0.009233693010173738
819.0,2000,2,2,9.0,0.0354399639182,0.0582267921418,1.0,5,5,1.68220318114,8.0,1,1,1.0,0.03587431099731475,0.05796101107262075
369.0,2000,2,2,4.0,0.0356034340803,0.0189243340865,0.988877210036,5,5,0.432427943639,7.0,2,2,0.987220930047,0.04138022707775235,0.016883656033314764
549.0,2000,2,2,6.0,0.035618450027,0.0636700240429,1.0,5,5,1.91914653882,1.0,1,1,1.0,0.04220151109620929,0.06738453696016222
363.0,1000,10,2,4.0,0.0356334410608,0.0381736028939,1.0,5,5,4.54750564923,4.0,1,1,1.0,0.036822451977059245,0.037756667006760836
371.0,2000,2,50,4.0,0.0356515177991,0.0133404161315,0.935647728861,5,5,0.644957085957,3.0,18,4,0.940182694406,0.04118788905907422,0.01209434203337878
279.0,2000,2,2,3.0,0.0357799781486,0.0282214579638,0.998995417534,5,5,0.757087901831,6.0,2,2,0.997011315911,0.042679482023231685,0.029232883010990918
639.0,2000,2,2,7.0,0.0359325630125,0.0553086299915,1.0,5,5,1.56522483125,10.0,1,1,1.0,0.04250957991462201,0.052298141992650926
459.0,2000,2,2,5.0,0.0360821629874,0.049526227871,1.0,5,5,1.40509975439,8.0,1,1,1.0,0.04259516904130578,0.05118657904677093
11.0,2000,2,50,0.0,0.0361394160427,0.0157561539672,0.958584135434,5,5,1.05207695268,4.0,2,2,0.964236277828,0.04355162405408919,0.015230049029923975
277.0,1000,50,10,3.0,0.0361752479803,0.0699139060453,1.0,5,5,10.8198922035,10.0,9,9,1.0,0.040019846986979246,0.053407831001095474
9.0,2000,2,2,0.0,0.036257250933,0.036071563838,1.0,5,5,1.00878707606,4.0,1,1,1.0,0.04178457998204976,0.03546190797351301
551.0,2000,2,50,6.0,0.0363793058787,0.0141081239562,0.834452811724,5,5,0.730091815483,3.0,9,2,0.847590960312,0.03717725200112909,0.01562156795989722
543.0,1000,10,2,6.0,0.0364084679168,0.0356195720378,1.0,5,5,3.87731093197,1.0,1,1,1.0,0.04033268999774009,0.028934080968610942
189.0,2000,2,2,2.0,0.0364300140645,0.0608173510991,1.0,5,5,1.76707996343,10.0,1,1,1.0,0.03966901102103293,0.06360930600203574
99.0,2000,2,2,1.0,0.036631644005,0.0545107689686,1.0,5,5,1.56712384504,4.0,1,1,1.0,0.03791713702958077,0.05760074907448143
729.0,2000,2,2,8.0,0.0368347878102,0.0527005230542,1.0,5,5,1.42321495453,2.0,1,1,1.0,0.03880728199146688,0.051791946054436266
191.0,2000,2,50,2.0,0.0369831759017,0.0119456730317,0.661967868399,5,5,0.63705622636,10.0,16,28,0.8427977194,0.03974437294527888,0.010621569002978504
633.0,1000,10,2,7.0,0.0371848088689,0.0371161680669,1.0,5,5,4.16444089198,8.0,1,1,1.0,0.03603151103015989,0.03144916903693229
281.0,2000,2,50,3.0,0.0371873320546,0.0142801541369,0.964452705675,5,5,0.838680678506,6.0,3,3,0.963787679185,0.03965734306257218,0.012687572976574302
453.0,1000,10,2,5.0,0.0373153400142,0.0376179330051,1.0,5,5,4.24605752669,10.0,1,1,1.0,0.03752867004368454,0.034181385999545455
813.0,1000,10,2,9.0,0.0375755901914,0.0367320501246,1.0,5,5,4.13270696852,1.0,1,1,1.0,0.03746657306328416,0.033842043951153755
93.0,1000,10,2,1.0,0.0377702279948,0.0332567731384,1.0,5,5,3.38521901244,3.0,1,1,1.0,0.04095559101551771,0.029630381031893194
373.0,2000,10,10,4.0,0.0378290761728,0.0574497019406,1.0,5,5,5.30560864412,5.0,9,9,1.0,0.03879570495337248,0.04936671897303313
823.0,2000,10,10,9.0,0.0381893629674,0.0578295430169,1.0,5,5,4.40971981587,6.0,9,9,1.0,0.039482666994445026,0.0506479199975729
183.0,1000,10,2,2.0,0.0382366369013,0.0355995430145,1.0,5,5,3.84969790417,10.0,1,1,1.0,0.03955751401372254,0.029181772959418595
821.0,2000,2,50,9.0,0.0385137828998,0.00950694316998,1.70426105363e-05,5,5,0.0108915294197,1.0,1996,41,5.84380265288e-05,0.04091910400893539,0.009330501081421971
3.0,1000,10,2,0.0,0.0393330680672,0.0358569631353,1.0,5,5,3.8859778211,1.0,1,1,1.0,0.04502847196999937,0.03146292199380696
463.0,2000,10,10,5.0,0.0398512152024,0.061272530118,1.0,5,5,4.5769963103,10.0,9,9,1.0,0.04340471199247986,0.05298037698958069
727.0,1000,50,10,8.0,0.0405235928483,0.0743719551247,1.0,5,5,10.5051140239,10.0,9,9,1.0,0.042939378996379673,0.05839205393567681
283.0,2000,10,10,3.0,0.0409713690169,0.0588918630965,1.0,5,5,4.57810080476,9.0,9,9,1.0,0.041401259950362146,0.05097344203386456
103.0,2000,10,10,1.0,0.0411036119331,0.0627948369365,1.0,5,5,5.65281218707,6.0,9,9,1.0,0.04261062096338719,0.05224690295290202
643.0,2000,10,10,7.0,0.0413098998833,0.0584287319798,1.0,5,5,4.32479422618,8.0,9,9,1.0,0.04670007503591478,0.05936036992352456
553.0,2000,10,10,6.0,0.0429779409897,0.0646671941504,1.0,5,5,4.82189295153,9.0,9,9,1.0,0.04772555595263839,0.05102516000624746
97.0,1000,50,10,1.0,0.0432041669264,0.0794509910047,1.0,5,5,9.74607117762,6.0,9,9,1.0,0.049161682021804154,0.05980553093831986
193.0,2000,10,10,2.0,0.0433568719309,0.0663976811338,1.0,5,5,4.96945795598,3.0,9,9,1.0,0.04736930096987635,0.05453639000188559
13.0,2000,10,10,0.0,0.0463818910066,0.0644780229777,1.0,5,5,4.38697913416,10.0,9,9,1.0,0.04912196600344032,0.056682205060496926
815.0,1000,10,50,9.0,0.0468039480038,0.0247705620714,1.0,5,5,6.32007658471,3.0,49,49,1.0,0.04494631104171276,0.01811754808295518
733.0,2000,10,10,8.0,0.0474225759972,0.0714586628601,1.0,5,5,4.55761581289,1.0,9,9,1.0,0.058842099038884044,0.05456066795159131
185.0,1000,10,50,2.0,0.0489324040245,0.0204972231295,1.0,5,5,5.26161969351,6.0,49,49,1.0,0.05426404904574156,0.01565758907236159
5.0,1000,10,50,0.0,0.0502641410567,0.0233070389368,1.0,5,5,5.67553718778,8.0,49,49,1.0,0.049399822019040585,0.01862255996093154
275.0,1000,10,50,3.0,0.0505880748387,0.0243286280893,1.0,5,5,6.33939673316,3.0,49,49,1.0,0.04882672196254134,0.018293618923053145
547.0,1000,50,10,6.0,0.0507182930596,0.091695597861,1.0,5,5,10.1529364998,7.0,9,9,1.0,0.051851990981958807,0.0660838580224663
95.0,1000,10,50,1.0,0.0514711090364,0.0199973250274,1.0,5,5,5.22730396882,4.0,49,49,1.0,0.05298871407285333,0.01554667903110385
725.0,1000,10,50,8.0,0.0517348439898,0.0205569639802,1.0,5,5,5.12795223671,5.0,49,49,1.0,0.05282554402947426,0.015345599967986345
455.0,1000,10,50,5.0,0.0537082229275,0.0208479568828,1.0,5,5,5.19517383396,4.0,49,49,1.0,0.05323018005583435,0.015409353072755039
635.0,1000,10,50,7.0,0.0554120971356,0.0280458470806,1.0,5,5,7.42429243984,4.0,48,48,1.0,0.05390162707772106,0.02389318705536425
545.0,1000,10,50,6.0,0.0554672018625,0.0226969900541,1.0,5,5,6.01268431499,7.0,49,49,1.0,0.06000799289904535,0.016952618956565857
365.0,1000,10,50,4.0,0.0564047021326,0.02105884091,1.0,5,5,5.52180459853,8.0,49,49,1.0,0.06299352704081684,0.017383594997227192
7.0,1000,50,10,0.0,0.0596697600558,0.0776588958688,1.0,5,5,9.9206517001,3.0,9,9,1.0,0.05628843908198178,0.05930077703669667
187.0,1000,50,10,2.0,0.0596906249411,0.0795084559359,1.0,5,5,10.3434500303,10.0,9,9,1.0,0.057604203931987286,0.060479130945168436
367.0,1000,50,10,4.0,0.0657726330683,0.0778657931369,1.0,5,5,10.0993490882,6.0,9,9,1.0,0.07078086701221764,0.05678475392051041
559.0,4000,2,10,6.0,0.0669834150467,0.0339542711154,0.880828226958,5,5,0.49096850315,10.0,8,15,0.904475578998,0.07747053797356784,0.031746394000947475
199.0,4000,2,10,2.0,0.0676776901819,0.0444434320088,0.986755721585,5,5,0.699780144771,9.0,6,6,0.987239885895,0.07563119404949248,0.043444480979815125
637.0,1000,50,10,7.0,0.0678953852039,0.084137459984,1.0,5,5,10.4639773524,10.0,9,9,1.0,0.0663442499935627,0.06432500400114805
109.0,4000,2,10,1.0,0.0690321340226,0.0388518441468,0.974767734125,5,5,0.669728095785,10.0,8,8,0.976292119189,0.07880561705678701,0.03839337604586035
817.0,1000,50,10,9.0,0.0694940949325,0.076209877152,1.0,5,5,10.8828429736,1.0,9,9,1.0,0.0748114240122959,0.09060367895290256
289.0,4000,2,10,3.0,0.0696225757711,0.0450003370643,0.994956475094,5,5,0.804235144404,6.0,3,3,0.994471685476,0.08121769200079143,0.043248245026916265
829.0,4000,2,10,9.0,0.0698626178782,0.0356082059443,0.961809186259,5,5,0.525569241836,8.0,6,6,0.963863539998,0.08374861697666347,0.03342676302418113
19.0,4000,2,10,0.0,0.0705565810204,0.0423856861889,0.980853530491,5,5,0.634480314857,10.0,5,5,0.981418902227,0.08043394808191806,0.0429827090119943
462.0,2000,10,2,5.0,0.070602464024,0.136714607012,1.0,5,5,3.66296496439,7.0,1,1,1.0,0.0751861979952082,0.11986584099940956
739.0,4000,2,10,8.0,0.0719568110071,0.036435293965,0.973544769636,5,5,0.563247747986,8.0,7,7,0.975574946775,0.07774816895835102,0.03670013207010925
830.0,4000,2,50,9.0,0.0725205191411,0.0309579479508,0.473309208136,5,5,0.555659273526,5.0,9,5,0.475972029979,0.08088850299827754,0.030462868977338076
649.0,4000,2,10,7.0,0.0728904670104,0.0519761210307,0.98563069323,5,5,0.748238878679,10.0,4,4,0.985578937588,0.08291049092076719,0.04898113897070289
379.0,4000,2,10,4.0,0.07311870181,0.0418028770946,0.984743926661,5,5,0.583805860703,10.0,5,5,0.986244460836,0.08167214994318783,0.03824331297073513
200.0,4000,2,50,2.0,0.0734325209633,0.0298752679955,0.848490387239,5,5,0.525567246803,6.0,15,36,0.877749375926,0.08134706900455058,0.028908345964737236
20.0,4000,2,50,0.0,0.0735996109433,0.0260662091896,0.344537325647,5,5,0.39852875578,10.0,39,93,0.386636005303,0.0850484719267115,0.02340889908373356
457.0,1000,50,10,5.0,0.0746923119295,0.0769331520423,1.0,5,5,9.61532614406,2.0,9,9,1.0,0.07943058595992625,0.054033776046708226
108.0,4000,2,2,1.0,0.074708287837,0.104979426833,0.999499874875,5,5,0.832839535846,1.0,2,1,0.999499874875,0.0845829249592498,0.10260062606539577
290.0,4000,2,50,3.0,0.0748838209547,0.0358750198502,0.913114282677,5,5,0.748378682871,9.0,2,3,0.916802267364,0.08308200095780194,0.03556444891728461
18.0,4000,2,2,0.0,0.0748911451083,0.209645380033,1.0,5,5,1.53967150304,2.0,1,1,1.0,0.08780610805843025,0.2152832350693643
738.0,4000,2,2,8.0,0.0749586091843,0.119985322934,1.0,5,5,0.941328683636,7.0,2,2,1.0,0.07934912201017141,0.11259882396552712
288.0,4000,2,2,3.0,0.0749630578794,0.222160495818,1.0,5,5,1.63419363389,4.0,1,1,1.0,0.08445116505026817,0.23293802805710584
110.0,4000,2,50,1.0,0.0750648120884,0.0235047410242,0.408502371802,5,5,0.380502477725,10.0,67,120,0.48554369309,0.08204824000131339,0.02259900001809001
560.0,4000,2,50,6.0,0.0755979581736,0.0239141529892,0.292960821065,5,5,0.267768544791,5.0,139,115,0.0760723722507,0.07911534293089062,0.025063347071409225
558.0,4000,2,2,6.0,0.0758996009827,0.238187958021,1.0,5,5,1.71840105301,2.0,1,1,1.0,0.08616038598120213,0.2476462780032307
740.0,4000,2,50,8.0,0.0759070119821,0.0427040399518,0.837825182817,5,5,1.01885924934,10.0,2,3,0.83585740194,0.08333503804169595,0.04772572801448405
648.0,4000,2,2,7.0,0.0760634590406,0.174334504176,1.0,5,5,1.35760146842,9.0,1,1,1.0,0.08958446199540049,0.18481572798918933
378.0,4000,2,2,4.0,0.0761170389596,0.238794368925,1.0,5,5,1.80375275865,3.0,1,1,1.0,0.08542068605311215,0.2500733429333195
469.0,4000,2,10,5.0,0.0763556808233,0.0705139180645,0.999597886057,5,5,1.28749086104,3.0,3,2,0.999798688188,0.09016863710712641,0.06542179896496236
196.0,2000,50,10,2.0,0.0767467149999,0.213507547043,1.0,5,5,9.9675897459,9.0,9,9,1.0,0.08034936198964715,0.17059461306780577
380.0,4000,2,50,4.0,0.0767568349838,0.0305963931605,0.775833910568,5,5,0.557503176467,6.0,8,26,0.789355970832,0.08261035196483135,0.0318601910257712
650.0,4000,2,50,7.0,0.0767690781504,0.0380734631326,0.918673950392,5,5,0.826323490479,7.0,2,2,0.919694266707,0.08270387898664922,0.038112296955659986
828.0,4000,2,2,9.0,0.0768262690399,0.162101563998,1.0,5,5,1.21628880254,4.0,1,1,1.0,0.08472549903672189,0.16580604994669557
198.0,4000,2,2,2.0,0.0772036379203,0.20041967486,1.0,5,5,1.51672047806,6.0,1,1,1.0,0.09019261796493083,0.21651145699433982
470.0,4000,2,50,5.0,0.0779486489482,0.0244712529238,0.438249500145,5,5,0.343856988886,7.0,70,95,0.636665630197,0.07873465900775045,0.020979057997465134
468.0,4000,2,2,5.0,0.0790933789685,0.26568850386,1.0,5,5,2.0121828462,8.0,1,1,1.0,0.0894947339547798,0.2799330649431795
286.0,2000,50,10,3.0,0.0827388272155,0.210828771116,1.0,5,5,10.1318100019,1.0,9,9,1.0,0.08800155692733824,0.15831039706245065
16.0,2000,50,10,0.0,0.0836395670194,0.220807447098,1.0,5,5,10.299809578,1.0,9,9,1.0,0.09145776997320354,0.1647958590183407
732.0,2000,10,2,8.0,0.0873352820054,0.149775841972,1.0,5,5,4.08489005219,8.0,1,1,1.0,0.09170739399269223,0.1347237160662189
22.0,4000,10,10,0.0,0.089598163031,0.181018821895,1.0,5,5,4.46103718446,1.0,9,9,1.0,0.09949092997703701,0.15421133092604578
292.0,4000,10,10,3.0,0.0910433700774,0.19616264198,1.0,5,5,4.40461596872,1.0,9,9,1.0,0.10246642993297428,0.16186359303537756
192.0,2000,10,2,2.0,0.0910697770305,0.145215540892,1.0,5,5,3.94435622535,1.0,1,1,1.0,0.0984175429912284,0.1257617479423061
832.0,4000,10,10,9.0,0.0938182028476,0.194126752205,1.0,5,5,4.49803115737,10.0,9,9,1.0,0.10465519910212606,0.17364867799915373
552.0,2000,10,2,6.0,0.0939842690714,0.156360335881,1.0,5,5,4.46530546137,1.0,1,1,1.0,0.09691664692945778,0.142402819939889
112.0,4000,10,10,1.0,0.095593451988,0.187010661,1.0,5,5,4.27919705425,10.0,9,9,1.0,0.10565882793162018,0.16218502901028842
562.0,4000,10,10,6.0,0.0960292129312,0.20097554801,1.0,5,5,4.6558789771,10.0,9,9,1.0,0.11365703400224447,0.2057832619175315
12.0,2000,10,2,0.0,0.100250092102,0.139346104814,1.0,5,5,3.68515064062,1.0,1,1,1.0,0.10246730095241219,0.11779393197502941
826.0,2000,50,10,9.0,0.102652668022,0.258777761133,1.0,5,5,10.2564901041,1.0,9,9,1.0,0.11079764296300709,0.19799754198174924
736.0,2000,50,10,8.0,0.103601111798,0.256196415983,1.0,5,5,10.2233031472,1.0,9,9,1.0,0.11924123705830425,0.19504424510523677
202.0,4000,10,10,2.0,0.105615378823,0.206920147873,1.0,5,5,4.32277988296,1.0,9,9,1.0,0.1187190170167014,0.18010348198004067
104.0,2000,10,50,1.0,0.106511119055,0.0579745639116,1.0,5,5,4.81635350719,2.0,49,49,1.0,0.10949065303429961,0.0474393890472129
652.0,4000,10,10,7.0,0.106627719011,0.225972093176,1.0,5,5,4.66435377681,3.0,9,9,1.0,0.12148303200956434,0.19431660696864128
6.0,1000,50,2,0.0,0.108243105933,0.135785338003,1.0,5,5,10.0044601756,1.0,1,1,1.0,0.106121496995911,0.1048922180198133
366.0,1000,50,2,4.0,0.108320407802,0.12740814616,1.0,5,5,9.88426868791,10.0,1,1,1.0,0.10639732098206878,0.10796088702045381
472.0,4000,10,10,5.0,0.108399485936,0.219535186887,1.0,5,5,4.43224244869,10.0,9,9,1.0,0.12773958093021065,0.18331097101327032
456.0,1000,50,2,5.0,0.110276967054,0.128526614979,1.0,5,5,10.3370072782,1.0,1,1,1.0,0.109478804981336,0.10749603400472552
726.0,1000,50,2,8.0,0.110531907063,0.126711905003,1.0,5,5,9.63345864405,1.0,1,1,1.0,0.10866319597698748,0.10056534607429057
546.0,1000,50,2,6.0,0.111104471842,0.127348063979,1.0,5,5,9.8388575357,4.0,1,1,1.0,0.10867630294524133,0.10023713600821793
282.0,2000,10,2,3.0,0.111331770895,0.158138219034,1.0,5,5,4.55442621591,4.0,1,1,1.0,0.11560368200298399,0.14877645310480148
96.0,1000,50,2,1.0,0.11138534802,0.125081025995,1.0,5,5,9.29015229717,9.0,1,1,1.0,0.1077311149565503,0.10499694000463933
372.0,2000,10,2,4.0,0.112065959023,0.152292695828,1.0,5,5,4.21989851469,9.0,1,1,1.0,0.12107262900099158,0.13721279194578528
382.0,4000,10,10,4.0,0.112829677062,0.249780424871,1.0,5,5,4.54226596305,7.0,9,9,1.0,0.12678541603963822,0.19960028294008225
636.0,1000,50,2,7.0,0.112860284979,0.122984533897,1.0,5,5,8.96325769709,10.0,1,1,1.0,0.1118855350650847,0.09781463292893022
816.0,1000,50,2,9.0,0.113053865032,0.127080387902,1.0,5,5,9.88762398416,1.0,1,1,1.0,0.11133781890384853,0.10372015996836126
374.0,2000,10,50,4.0,0.113344092155,0.058870212175,1.0,5,5,5.46843898674,3.0,49,49,1.0,0.1207774190697819,0.047065301914699376
194.0,2000,10,50,2.0,0.113604757935,0.0619852310047,1.0,5,5,5.36247545545,3.0,48,48,1.0,0.11828502407297492,0.049493410042487085
186.0,1000,50,2,2.0,0.11376769701,0.126627363963,1.0,5,5,9.72219826124,5.0,1,1,1.0,0.10332605999428779,0.1074200440198183
276.0,1000,50,2,3.0,0.114121713908,0.128390118014,1.0,5,5,9.9014375099,1.0,1,1,1.0,0.10950176906771958,0.1081465759780258
642.0,2000,10,2,7.0,0.114188421052,0.142686244799,1.0,5,5,3.85287108749,10.0,1,1,1.0,0.118644151953049,0.11822956206742674
284.0,2000,10,50,3.0,0.115161464084,0.0541687190998,1.0,5,5,4.7114172969,2.0,49,49,1.0,0.12403046200051904,0.04251878894865513
822.0,2000,10,2,9.0,0.118338818895,0.151091502048,1.0,5,5,4.22546518292,1.0,1,1,1.0,0.12280477490276098,0.13875661906786263
644.0,2000,10,50,7.0,0.118394188117,0.0546269819606,1.0,5,5,4.82044334209,7.0,49,49,1.0,0.1242819499457255,0.03968976193573326
102.0,2000,10,2,1.0,0.118502171943,0.163956104079,1.0,5,5,4.45057586091,1.0,1,1,1.0,0.1278418859001249,0.13653208292089403
554.0,2000,10,50,6.0,0.118977773003,0.0575911300257,1.0,5,5,5.30201310659,10.0,49,49,1.0,0.1196954830083996,0.0492901400430128
742.0,4000,10,10,8.0,0.126927133184,0.18108498794,1.0,5,5,4.58081604991,10.0,9,9,1.0,0.1321823860052973,0.15290778002236038
824.0,2000,10,50,9.0,0.127760638017,0.0572669159155,0.99234098547,5,5,4.13869697613,1.0,61,50,0.991921808468,0.13879271398764104,0.04461989994160831
14.0,2000,10,50,0.0,0.129632021068,0.0667355151381,1.0,5,5,5.641789595,6.0,49,49,1.0,0.14548291300889105,0.047686221078038216
464.0,2000,10,50,5.0,0.130359891104,0.0620043419767,1.0,5,5,5.3387079611,1.0,49,49,1.0,0.12987550802063197,0.045118391048163176
734.0,2000,10,50,8.0,0.131774808047,0.0629212150816,1.0,5,5,5.49954587576,10.0,49,49,1.0,0.13347531796898693,0.050669313059188426
106.0,2000,50,10,1.0,0.141872338951,0.205215789843,1.0,5,5,10.2937410708,4.0,9,9,1.0,0.141218587057665,0.15813385299406946
556.0,2000,50,10,6.0,0.143799014855,0.225927944994,1.0,5,5,10.2081137025,10.0,9,9,1.0,0.1442425389541313,0.16931789403315634
388.0,8000,2,10,4.0,0.146547300043,0.123314192984,0.980976895524,5,5,0.509152113207,8.0,6,6,0.981234321306,0.16827940405346453,0.09145911503583193
28.0,8000,2,10,0.0,0.147965209093,0.113229264971,0.977410753374,5,5,0.586852829513,10.0,6,7,0.978113317706,0.17018769006244838,0.0995604390045628
478.0,8000,2,10,5.0,0.149948620005,0.0925324279815,0.936703403209,5,5,0.448961730138,3.0,8,8,0.936612929246,0.1599935709964484,0.08762480795849115
208.0,8000,2,10,2.0,0.150158172008,0.0989136279095,0.975951603091,5,5,0.508261295774,10.0,5,5,0.976404058834,0.17036888003349304,0.09446625900454819
299.0,8000,2,50,3.0,0.151272221003,0.071852556197,0.974481242831,5,5,0.471719593824,8.0,7,12,0.979822277208,0.1795890600187704,0.10313212499022484
748.0,8000,2,10,8.0,0.151541129919,0.111083141994,0.984108086868,5,5,0.569472217357,10.0,5,5,0.984181664009,0.16564311308320612,0.10539250902365893
119.0,8000,2,50,1.0,0.151918846183,0.0653337968979,0.592873653152,5,5,0.392269888849,9.0,19,111,0.691662563936,0.16259922902099788,0.060122102964669466
838.0,8000,2,10,9.0,0.152274825145,0.13911041501,0.996868588255,5,5,0.765500619722,8.0,4,4,0.996713268459,0.23394281999208033,0.17565597500652075
658.0,8000,2,10,7.0,0.153675958049,0.380359715084,1.0,5,5,1.57010212527,9.0,1,1,1.0,0.18765549699310213,0.38931535999290645
118.0,8000,2,10,1.0,0.15432582912,0.17475035903,0.991490906752,5,5,0.899095049516,10.0,3,4,0.99140954655,0.24168072594329715,0.17733763507567346
298.0,8000,2,10,3.0,0.155674139038,0.0831132798921,0.977689607831,5,5,0.423382358214,5.0,8,7,0.978401039151,0.16712124005425721,0.08620059199165553
839.0,8000,2,50,9.0,0.156091815792,0.0823968590703,0.519478620787,5,5,0.63481134444,10.0,2,3,0.521842303354,0.18914383498486131,0.09273637796286494
98.0,1000,50,50,1.0,0.156441334169,0.136286681984,1.0,5,5,11.5599412013,3.0,49,49,1.0,0.16642884199973196,0.10160306503530592
568.0,8000,2,10,6.0,0.159916639095,0.338163706008,1.0,5,5,1.67403969269,4.0,1,1,1.0,0.17324376897886395,0.38615665200632066
209.0,8000,2,50,2.0,0.160169216106,0.0908860440832,0.947806539288,5,5,0.712341635532,9.0,2,2,0.945985085705,0.21357562392950058,0.10196665092371404
389.0,8000,2,50,4.0,0.160305475118,0.049001442967,0.34958978967,5,5,0.170418664799,5.0,300,244,0.14693493047,0.20750781998503953,0.043418676010333
29.0,8000,2,50,0.0,0.161020721076,0.0776420289185,0.93755282061,5,5,0.529682806457,8.0,2,2,0.939820883333,0.19432597805280238,0.08400032389909029
569.0,8000,2,50,6.0,0.161204880802,0.0899995760992,0.976951646691,5,5,0.670235314778,10.0,4,4,0.976789440776,0.18722781399264932,0.11121604102663696
27.0,8000,2,2,0.0,0.161910722964,0.200924281031,0.998498796146,5,5,0.4373972578,1.0,15,2,0.998251639364,0.2582984040491283,0.18777843797579408
477.0,8000,2,2,5.0,0.164661681978,0.147759557934,0.894259786687,5,5,0.296943750261,6.0,2,2,0.890899330671,0.2303026410518214,0.1487998670199886
749.0,8000,2,50,8.0,0.165201309836,0.0480365608819,0.33783881599,5,5,0.148384562651,4.0,468,246,0.119986537248,0.17742293095216155,0.043018753989599645
387.0,8000,2,2,4.0,0.165348390117,0.81433994812,1.0,5,5,1.48138664822,3.0,1,1,1.0,0.18784524907823652,0.9870302750496194
117.0,8000,2,2,1.0,0.165353015997,0.814117636997,1.0,5,5,1.47573342488,7.0,1,1,1.0,0.26836749201174825,1.0336808470310643
638.0,1000,50,50,7.0,0.166166402167,0.121054678923,1.0,5,5,11.2824226548,2.0,49,49,1.0,0.24918681802228093,0.12123645294923335
747.0,8000,2,2,8.0,0.166222391883,0.906838455936,0.0,5,5,1.38435830747,3.0,0,303,0.0,0.24633756489492953,1.015041545033455
659.0,8000,2,50,7.0,0.166231652955,0.0443807211705,5.19233249185e-06,5,5,0.00853209662632,1.0,7976,231,0.000112800579624,0.2612641690066084,0.05263974401168525
567.0,8000,2,2,6.0,0.166634547058,0.857503674924,1.0,5,5,1.58118500377,4.0,1,1,1.0,0.20510525000281632,0.9337384479586035
657.0,8000,2,2,7.0,0.16664414783,0.554703648901,0.0,5,5,1.00668388625,3.0,0,322,0.0,0.21508420608006418,0.592359215952456
479.0,8000,2,50,5.0,0.167067334056,0.0519988518208,0.366667428398,5,5,0.215963668471,6.0,204,217,0.316905319437,0.2326988719869405,0.08225497708190233
113.0,4000,10,50,1.0,0.167166759958,0.145491538802,1.0,5,5,4.85391127052,10.0,49,49,1.0,0.31484717794228345,0.17497603094670922
837.0,8000,2,2,9.0,0.169124681037,0.963542416925,1.0,5,5,1.71930054444,10.0,1,1,1.0,0.34958997706416994,1.1188512729713693
466.0,2000,50,10,5.0,0.171392753953,0.233877501916,1.0,5,5,10.2934500416,8.0,9,9,1.0,0.1785313009750098,0.2103776620933786
563.0,4000,10,50,6.0,0.17277843901,0.134696627036,1.0,5,5,4.82265841302,10.0,48,48,1.0,0.3007836539763957,0.1686343130422756
23.0,4000,10,50,0.0,0.17395424284,0.150911079021,1.0,5,5,5.37644526328,3.0,49,49,1.0,0.21276554197538644,0.13132431195117533
297.0,8000,2,2,3.0,0.174909209833,0.948936261935,1.0,5,5,1.66336651216,4.0,1,1,1.0,0.30336911091580987,1.217362032039091
646.0,2000,50,10,7.0,0.176984407008,0.267188972095,1.0,5,5,10.3884032937,1.0,9,9,1.0,0.20017840096261352,0.25211522390600294
207.0,8000,2,2,2.0,0.177973956103,0.0403164098971,0.00559087078229,5,5,0.00217744676559,2.0,40,312,0.00145471400406,0.24257443996611983,0.039378906949423254
278.0,1000,50,50,3.0,0.179831278976,0.133510221029,1.0,5,5,11.4354419592,1.0,49,49,1.0,0.2028201789362356,0.0977238939376548
728.0,1000,50,50,8.0,0.179954611929,0.113348400919,1.0,5,5,10.9601415247,4.0,49,49,1.0,0.19144025503192097,0.07859333301894367
8.0,1000,50,50,0.0,0.180420101853,0.131550892023,1.0,5,5,12.0728064495,6.0,49,49,1.0,0.21583618700969964,0.0980115820420906
293.0,4000,10,50,3.0,0.192455999088,0.168447307078,1.0,5,5,5.55554790568,1.0,49,49,1.0,0.20621858804952353,0.13379346509464085
548.0,1000,50,50,6.0,0.195209084079,0.127512892941,1.0,5,5,11.1167169891,8.0,49,49,1.0,0.2101670540869236,0.09339225199073553
473.0,4000,10,50,5.0,0.197102768114,0.157846719958,1.0,5,5,4.64987746316,10.0,49,49,1.0,0.22883563989307731,0.12050472595728934
188.0,1000,50,50,2.0,0.19764197804,0.131288993871,1.0,5,5,11.6456417407,10.0,49,49,1.0,0.21492519101593643,0.1264063980197534
833.0,4000,10,50,9.0,0.200422583148,0.173003097996,1.0,5,5,5.60015916414,3.0,48,48,1.0,0.22876144899055362,0.1360648999689147
653.0,4000,10,50,7.0,0.203441694845,0.141285590827,1.0,5,5,4.54171101509,7.0,49,49,1.0,0.21907198696862906,0.11494520294945687
818.0,1000,50,50,9.0,0.204252778785,0.143234497169,1.0,5,5,12.0761650614,1.0,49,49,1.0,0.2113679889589548,0.10804677207488567
743.0,4000,10,50,8.0,0.205045501003,0.155743011972,1.0,5,5,5.0636573087,8.0,49,49,1.0,0.21492410800419748,0.11800019699148834
295.0,4000,50,10,3.0,0.205061449902,0.678258192958,1.0,5,5,10.1062727385,7.0,9,9,1.0,0.24642457300797105,0.5976404530229047
368.0,1000,50,50,4.0,0.208430455998,0.129950622097,1.0,5,5,10.8295861374,2.0,49,49,1.0,0.21549952297937125,0.09552089706994593
458.0,1000,50,50,5.0,0.209454440977,0.139051431092,1.0,5,5,11.7376887783,10.0,49,49,1.0,0.21400765900034457,0.10228145809378475
383.0,4000,10,50,4.0,0.211070366902,0.164875889197,1.0,5,5,4.9892009017,1.0,49,49,1.0,0.23233621998224407,0.12828333594370633
203.0,4000,10,50,2.0,0.21327949292,0.17166477791,1.0,5,5,5.42576687311,1.0,49,49,1.0,0.23112126206979156,0.1360362470149994
835.0,4000,50,10,9.0,0.215363494819,0.700668532867,1.0,5,5,9.65190196213,1.0,9,9,1.0,0.2572879580548033,0.5463242930127308
741.0,4000,10,2,8.0,0.2195864229,0.589491465129,1.0,5,5,3.70156557424,9.0,1,1,1.0,0.2697970800800249,0.5111173760378733
25.0,4000,50,10,0.0,0.22255933308,0.712123750011,1.0,5,5,9.42173466955,8.0,9,9,1.0,0.2643564229365438,0.5692581450566649
205.0,4000,50,10,2.0,0.225732465973,0.69275756483,1.0,5,5,9.59634253212,1.0,9,9,1.0,0.2995789349079132,0.6979982419870794
475.0,4000,50,10,5.0,0.23058980098,0.736317410134,1.0,5,5,10.056752744,1.0,9,9,1.0,0.2943246529903263,0.6400350759504363
121.0,8000,10,10,1.0,0.23858893197,0.653669486986,1.0,5,5,4.46271804283,10.0,9,9,1.0,0.30937003798317164,0.6278302920982242
211.0,8000,10,10,2.0,0.241756886011,0.656207401073,1.0,5,5,4.50357944588,1.0,9,9,1.0,0.28895142197143286,0.5950556449824944
391.0,8000,10,10,4.0,0.243002836127,0.684857608052,1.0,5,5,4.5851683197,1.0,9,9,1.0,0.3258539140224457,0.6233633779920638
661.0,8000,10,10,7.0,0.248373860028,0.672368738102,1.0,5,5,4.01036518431,6.0,9,9,1.0,0.3159498500172049,0.5806570609565824
571.0,8000,10,10,6.0,0.251623118995,0.74449877697,1.0,5,5,4.90890690508,1.0,9,9,1.0,0.3132895879680291,0.6784524760441855
751.0,8000,10,10,8.0,0.254635900026,0.657658328069,1.0,5,5,3.88055855986,6.0,9,9,1.0,0.3077297309646383,0.5454987569246441
481.0,8000,10,10,5.0,0.256590167992,0.720339034917,1.0,5,5,4.59396089422,10.0,9,9,1.0,0.30471140902955085,0.6170665109530091
115.0,4000,50,10,1.0,0.257143547991,0.778410359984,1.0,5,5,9.89409931851,10.0,9,9,1.0,0.2924283560132608,0.6268580199684948
745.0,4000,50,10,8.0,0.25904802396,0.776940906188,1.0,5,5,10.0853232844,10.0,9,9,1.0,0.2885914769722149,0.6070861719781533
841.0,8000,10,10,9.0,0.261184224859,0.716751361964,1.0,5,5,4.30779347118,1.0,9,9,1.0,0.31001156207639724,0.6169871509773657
301.0,8000,10,10,3.0,0.266780067934,0.735201802803,1.0,5,5,4.55769799137,9.0,9,9,1.0,0.3120366990333423,0.6371069580782205
381.0,4000,10,2,4.0,0.268356307875,0.620460337959,1.0,5,5,3.97020310308,1.0,1,1,1.0,0.3091357270022854,0.5781922520836815
565.0,4000,50,10,6.0,0.269186666934,0.79590914608,1.0,5,5,9.87987803975,10.0,9,9,1.0,0.3342399069806561,0.6523594140307978
291.0,4000,10,2,3.0,0.270555691095,0.662618984003,1.0,5,5,4.30551479771,10.0,1,1,1.0,0.3183349509490654,0.6294535408960655
385.0,4000,50,10,4.0,0.280948784901,0.865113821113,1.0,5,5,9.64938565046,8.0,9,9,1.0,0.3398364399326965,0.851105539011769
31.0,8000,10,10,0.0,0.285345070995,0.770804411033,1.0,5,5,4.30491743883,10.0,9,9,1.0,0.3786314590834081,0.659253658959642
752.0,8000,10,50,8.0,0.295090793166,0.388466801029,1.0,5,5,4.65557281236,9.0,49,49,1.0,0.3574278730666265,0.3692329269833863
842.0,8000,10,50,9.0,0.298570971936,0.41386218206,1.0,5,5,4.71035192344,3.0,49,49,1.0,0.42613428295589983,0.31849960691761225
561.0,4000,10,2,6.0,0.306295424933,0.620079062181,1.0,5,5,3.99379747653,1.0,1,1,1.0,0.360859765089117,0.555213766056113
111.0,4000,10,2,1.0,0.312411649851,0.620004449971,1.0,5,5,3.99283616473,10.0,1,1,1.0,0.355026168981567,0.5869741819333285
302.0,8000,10,50,3.0,0.314420802053,0.428259475157,1.0,5,5,4.81851331533,4.0,49,49,1.0,0.4137737159617245,0.3551328950561583
392.0,8000,10,50,4.0,0.315928315977,0.320242987946,0.987271702045,5,5,3.42704875233,1.0,146,48,0.987271702045,0.3702941229566932,0.2762161019491032
482.0,8000,10,50,5.0,0.316940593068,0.445185186109,1.0,5,5,5.32486457096,10.0,49,49,1.0,0.39647716900799423,0.3736884290119633
662.0,8000,10,50,7.0,0.318324110936,0.420971488813,1.0,5,5,5.37688816828,10.0,49,49,1.0,0.40089177794288844,0.3551474360283464
487.0,16000,2,10,5.0,0.319872228196,0.470182880061,0.99931319734,5,5,0.843848685176,10.0,4,4,0.999256027279,0.42917170003056526,0.5293186589842662
651.0,4000,10,2,7.0,0.320217611035,0.580664183944,1.0,5,5,3.66093886807,6.0,1,1,1.0,0.39664632291533053,0.5292763910256326
757.0,16000,2,10,8.0,0.324089552974,0.219474228099,0.985311706731,5,5,0.379503044483,3.0,13,3,0.985587545515,0.39266246499028057,0.22230473696254194
577.0,16000,2,10,6.0,0.324649848044,0.365135258064,0.996256890008,5,5,0.564610901492,6.0,6,6,0.99621072261,0.3747620669892058,0.34056036605034024
847.0,16000,2,10,9.0,0.325524745975,0.178501608083,0.848835157075,5,5,0.275689273257,1.0,281,128,0.805481886145,0.4047219189815223,0.2149967389414087
307.0,16000,2,10,3.0,0.326643909095,0.484312651213,0.997410232243,5,5,0.797765023648,10.0,3,2,0.997334970423,0.38149249099660665,0.4839242020389065
397.0,16000,2,10,4.0,0.326695760014,0.194901666837,0.87650138772,5,5,0.318252585225,10.0,8,120,0.860662341326,0.38501625997014344,0.19617236603517085
37.0,16000,2,10,0.0,0.32692463696,0.188064501854,0.98216105615,5,5,0.298436790296,8.0,7,6,0.983985456006,0.38923329301178455,0.21942752599716187
572.0,8000,10,50,6.0,0.328815273009,0.442440138198,1.0,5,5,5.07413837112,10.0,49,49,1.0,0.3874207619810477,0.3506381689803675
376.0,2000,50,10,4.0,0.329660850111,0.198176027043,1.0,5,5,9.97942296575,8.0,9,9,1.0,0.3226485289633274,0.15474978904239833
201.0,4000,10,2,2.0,0.331095166039,0.622799256118,1.0,5,5,4.02618694773,1.0,1,1,1.0,0.3572508239885792,0.5528516159392893
32.0,8000,10,50,0.0,0.335036104079,0.468783834949,1.0,5,5,4.90859504573,1.0,49,49,1.0,0.4051455110311508,0.3825824880041182
217.0,16000,2,10,2.0,0.335731554078,0.221704033902,0.958780574802,5,5,0.332518757268,10.0,5,8,0.959902973964,0.411777351051569,0.22631953097879887
127.0,16000,2,10,1.0,0.338162808912,0.503915827023,0.998606225377,5,5,0.784697644039,10.0,4,4,0.998468834682,0.4009408379206434,0.5139365250943229
308.0,16000,2,50,3.0,0.340137122897,0.18958388688,0.976836571583,5,5,0.437270503406,5.0,4,3,0.976803828398,0.3996482079382986,0.1862084809690714
21.0,4000,10,2,0.0,0.340411633952,0.611447146162,1.0,5,5,3.92496225714,6.0,1,1,1.0,0.36727044789586216,0.5343654468888417
122.0,8000,10,50,1.0,0.345624297159,0.403766905889,0.999872449303,5,5,4.22775867821,1.0,50,49,0.999872449303,0.414465370005928,0.3237405619584024
667.0,16000,2,10,7.0,0.347084727138,1.059450506,1.0,5,5,1.27934647243,5.0,2,2,1.0,0.4056152650155127,1.0382864329731092
212.0,8000,10,50,2.0,0.350542361848,0.483536949148,1.0,5,5,5.06704506044,10.0,49,49,1.0,0.4134273190284148,0.36260469700209796
488.0,16000,2,50,5.0,0.35103916307,0.166883802041,0.810928345027,5,5,0.38163214763,6.0,6,2,0.814347028293,0.40726097498554736,0.16552275500725955
128.0,16000,2,50,1.0,0.352952042129,0.107431072975,0.377261812553,5,5,0.117772762122,5.0,598,589,0.207364577705,0.40131726500112563,0.09409395500551909
486.0,16000,2,2,5.0,0.354645832907,3.96682635299,1.0,5,5,1.47886574769,3.0,1,1,1.0,0.41227867000270635,3.808171743992716
668.0,16000,2,50,7.0,0.354903416941,0.11116543808,0.300507911312,5,5,0.12230740683,5.0,628,480,0.0479997678368,0.43704265204723924,0.09500240697525442
216.0,16000,2,2,2.0,0.355254909024,5.55759428185,1.0,5,5,2.02902614096,1.0,1,1,1.0,0.4018840630305931,5.629145261947997
758.0,16000,2,50,8.0,0.356413831003,0.108684635023,0.284274260735,5,5,0.121330497547,5.0,598,489,0.0659550099365,0.39866746903862804,0.09200562397018075
848.0,16000,2,50,9.0,0.357396599138,0.105928490171,0.336658817812,5,5,0.122967699049,5.0,648,538,0.0699683781612,0.38862229499500245,0.09610859700478613
756.0,16000,2,2,8.0,0.357857623138,3.19452428701,1.0,5,5,1.27479069053,9.0,1,1,1.0,0.4479221539804712,3.223307622014545
38.0,16000,2,50,0.0,0.358019283973,0.175394456135,0.601742314272,5,5,0.364754039509,10.0,9,2,0.603898004105,0.41918542701750994,0.16686075902543962
306.0,16000,2,2,3.0,0.358975974843,4.41341661592,1.0,5,5,1.64415321955,7.0,1,1,1.0,0.4186767959035933,4.320651413989253
36.0,16000,2,2,0.0,0.35898276302,3.31360325613,1.0,5,5,1.31274902068,6.0,1,1,1.0,0.4102631730493158,3.257485472015105
846.0,16000,2,2,9.0,0.360708751949,4.4967179338,1.0,5,5,1.66075800383,10.0,1,1,1.0,0.4145879040006548,4.439391584019177
576.0,16000,2,2,6.0,0.362940269988,0.25972855906,0.60536452905,5,5,0.205394580853,1.0,143,315,0.501898391761,0.41753861808683723,0.25654766999650747
396.0,16000,2,2,4.0,0.36435840698,4.219757332,1.0,5,5,1.59173937633,1.0,1,1,1.0,0.4408619459718466,4.369592906092294
218.0,16000,2,50,2.0,0.366280662129,0.108532822924,0.322765887094,5,5,0.115227649994,5.0,537,573,0.0522974469286,0.4319539030548185,0.10397437505889684
471.0,4000,10,2,5.0,0.370849267812,0.64812262496,1.0,5,5,4.20455249746,10.0,1,1,1.0,0.4273418770171702,0.629623593064025
578.0,16000,2,50,6.0,0.371411501896,0.260581887094,0.969298622676,5,5,0.636252607635,7.0,2,2,0.97080809522,0.4440147429704666,0.2661073610652238
831.0,4000,10,2,9.0,0.381962548941,0.622311303159,1.0,5,5,4.03347842245,10.0,1,1,1.0,0.4229772579856217,0.5641427179798484
375.0,2000,50,2,4.0,0.387865041848,0.50742536108,1.0,5,5,9.8053183291,1.0,1,1,1.0,0.3962383889593184,0.4143398810410872
398.0,16000,2,50,4.0,0.390317673096,0.108958981931,0.287174507143,5,5,0.124047506926,5.0,560,584,0.0509484287699,0.44076120702084154,0.10282369097694755
825.0,2000,50,2,9.0,0.395899474155,0.498779022135,1.0,5,5,9.51183462571,3.0,1,1,1.0,0.4032800770364702,0.4297244829358533
666.0,16000,2,2,7.0,0.398594802944,0.100139254937,4.86029124512e-06,5,5,0.00222869509772,1.0,15900,645,0.00177971269126,0.45910595706664026,0.13023302098736167
105.0,2000,50,2,1.0,0.404854210094,0.511840838939,1.0,5,5,10.0569181759,10.0,1,1,1.0,0.3939437560038641,0.43751993402838707
645.0,2000,50,2,7.0,0.409859945998,0.505576183787,1.0,5,5,9.75900203522,10.0,1,1,1.0,0.4147263609338552,0.41192107798997313
15.0,2000,50,2,0.0,0.41003803513,0.498930939008,1.0,5,5,9.45306767114,10.0,1,1,1.0,0.42086877999827266,0.4192087100818753
195.0,2000,50,2,2.0,0.410956857027,0.509372798027,1.0,5,5,9.84261926038,10.0,1,1,1.0,0.41946126299444586,0.457149789086543
465.0,2000,50,2,5.0,0.414847570006,0.503576440038,1.0,5,5,9.6706148285,10.0,1,1,1.0,0.4317529440158978,0.4638794120401144
555.0,2000,50,2,6.0,0.416397028137,0.503177205101,1.0,5,5,9.80153149637,10.0,1,1,1.0,0.42384049901738763,0.4254998260876164
735.0,2000,50,2,8.0,0.418787688017,0.518931378843,1.0,5,5,9.9299267839,10.0,1,1,1.0,0.4156392889562994,0.4374623199691996
126.0,16000,2,2,1.0,0.42098600301,0.0984157549683,3.05185047203e-05,5,5,0.00432648886818,1.0,15402,633,0.0112146488083,0.4486547140404582,0.096594647038728
285.0,2000,50,2,3.0,0.421454974916,0.497464194894,1.0,5,5,9.50167579684,9.0,1,1,1.0,0.42879240796901286,0.40812475595157593
17.0,2000,50,50,0.0,0.448812664021,0.326739573851,1.0,5,5,10.5295661853,4.0,49,49,1.0,0.4664360199822113,0.235090347006917
557.0,2000,50,50,6.0,0.496669681044,0.307293283055,1.0,5,5,10.5532947826,7.0,49,49,1.0,0.5327218900201842,0.22068453603424132
287.0,2000,50,50,3.0,0.509535474004,0.315470780944,1.0,5,5,10.2624547571,2.0,49,49,1.0,0.5540771030355245,0.23651342291850597
377.0,2000,50,50,4.0,0.535019612871,0.287457610946,1.0,5,5,10.6428913332,6.0,49,49,1.0,0.565885444986634,0.21298173593822867
131.0,16000,10,50,1.0,0.544834719039,1.06238571904,1.0,5,5,4.70756480888,10.0,49,49,1.0,0.6510441460413858,0.878638681024313
197.0,2000,50,50,2.0,0.57035697205,0.364104442066,1.0,5,5,10.9367174764,4.0,49,49,1.0,0.5981134820031002,0.25524650304578245
467.0,2000,50,50,5.0,0.571652655024,0.392067190027,1.0,5,5,11.0127461313,3.0,49,49,1.0,0.637137786950916,0.3075403579277918
655.0,4000,50,10,7.0,0.573518732097,0.780643462902,1.0,5,5,10.3042633066,10.0,9,9,1.0,0.6285034531028941,0.7205007240409032
124.0,8000,50,10,1.0,0.585132440086,2.36667039595,1.0,5,5,9.75342700394,7.0,9,9,1.0,0.7791541409678757,2.093848710996099
41.0,16000,10,50,0.0,0.594111979939,1.19412364298,1.0,5,5,4.72121131638,9.0,49,49,1.0,0.7998521560803056,0.9996950729982927
107.0,2000,50,50,1.0,0.59776678402,0.340231596958,1.0,5,5,10.5115507842,6.0,49,49,1.0,0.6256656090263277,0.23497839097399265
737.0,2000,50,50,8.0,0.601654947968,0.31641931599,1.0,5,5,10.4480563483,9.0,49,49,1.0,0.5844229859067127,0.2285459820413962
214.0,8000,50,10,2.0,0.603352972073,2.27011609706,1.0,5,5,10.0039366607,6.0,9,9,1.0,0.6677217319374904,2.041935843997635
647.0,2000,50,50,7.0,0.603728909977,0.32141880109,1.0,5,5,10.3068068446,2.0,49,49,1.0,0.6224539619870484,0.23874177399557084
754.0,8000,50,10,8.0,0.605846719118,2.19962266809,1.0,5,5,9.44269858909,3.0,9,9,1.0,0.7245066800387576,1.8464481920236722
34.0,8000,50,10,0.0,0.606035948964,2.257097658,1.0,5,5,10.0419949094,10.0,9,9,1.0,0.7192638949491084,1.9189317219424993
827.0,2000,50,50,9.0,0.609621244017,0.311046482995,1.0,5,5,10.1107189394,9.0,49,49,1.0,0.6157556410180405,0.2189229129580781
664.0,8000,50,10,7.0,0.620904537151,2.39977806993,1.0,5,5,10.3428721342,1.0,9,9,1.0,0.744786747964099,1.9845367430243641
221.0,16000,10,50,2.0,0.627271634061,1.19560229778,1.0,5,5,4.69867134166,9.0,49,49,1.0,0.6922933550085872,0.9158452890114859
394.0,8000,50,10,4.0,0.632499009138,2.38502801093,1.0,5,5,9.73801296654,10.0,9,9,1.0,0.7189600160345435,1.9883224749937654
484.0,8000,50,10,5.0,0.644582874142,2.41317025898,1.0,5,5,10.1242055332,1.0,9,9,1.0,0.7248479039408267,1.9422526329290122
491.0,16000,10,50,5.0,0.644770218991,1.00805505016,0.998587379468,5,5,3.67683289902,1.0,71,49,0.998525822159,0.7168813259340823,0.78149650094565
844.0,8000,50,10,9.0,0.655931795947,2.52476907289,1.0,5,5,9.74290390268,1.0,9,9,1.0,0.7837312960764393,2.208132838946767
311.0,16000,10,50,3.0,0.669505849946,1.22862695321,1.0,5,5,5.09701602033,1.0,49,49,1.0,0.753383357077837,0.976586356991902
761.0,16000,10,50,8.0,0.672224239912,1.35590588697,1.0,5,5,5.06995899852,1.0,49,49,1.0,0.774501932086423,1.032725521014072
304.0,8000,50,10,3.0,0.680170601001,2.47325796098,1.0,5,5,9.56902024364,4.0,9,9,1.0,0.7740283620078117,2.0740176019025967
581.0,16000,10,50,6.0,0.686169455992,1.18528901786,1.0,5,5,4.44506946782,6.0,49,49,1.0,0.8302777060307562,0.9190504179568961
226.0,32000,2,10,2.0,0.69345196709,0.527955349069,0.974726738463,5,5,0.256332686111,7.0,8,5,0.975472067056,0.9371422789990902,0.4828207390382886
851.0,16000,10,50,9.0,0.708789037075,1.14968752605,0.999614784566,5,5,3.9091268055,10.0,50,50,0.999489640706,0.8398335599340498,0.9720523429568857
766.0,32000,2,10,8.0,0.722211671993,1.98849282996,0.999511455257,5,5,0.771608279846,10.0,4,4,0.999457532119,0.9766371580772102,1.9835492379497737
400.0,16000,10,10,4.0,0.722456696909,2.62494027894,1.0,5,5,4.8489784252,10.0,9,9,1.0,0.8797849289840087,2.420922650024295
406.0,32000,2,10,4.0,0.722676318139,0.714483188,0.992107653315,5,5,0.318615458689,6.0,4,3,0.992177596798,0.9487554349470884,0.6887717549689114
390.0,8000,10,2,4.0,0.722856421024,2.72303009988,1.0,5,5,4.12168176691,1.0,1,1,1.0,0.8264085969422013,2.3326883380068466
586.0,32000,2,10,6.0,0.724880521884,0.435274893884,0.941454130052,5,5,0.213086218428,10.0,11,5,0.945330398042,0.9356542949099094,0.41925968090072274
671.0,16000,10,50,7.0,0.726202963851,1.17116088117,1.0,5,5,4.36506535566,10.0,49,49,1.0,0.8330917060375214,0.968902106047608
401.0,16000,10,50,4.0,0.728657062864,1.20655945293,1.0,5,5,4.31367752905,1.0,47,47,1.0,0.9114961950108409,0.9792500690091401
136.0,32000,2,10,1.0,0.732579994947,0.906434564851,0.99601252875,5,5,0.407899674219,8.0,3,3,0.996039791279,0.9388117450289428,0.8553107819752768
670.0,16000,10,10,7.0,0.736776706064,2.58702750714,1.0,5,5,4.38193662435,3.0,9,9,1.0,0.8705224110744894,2.2871010539820418
677.0,32000,2,50,7.0,0.741293883882,0.701115490869,0.965837777745,5,5,0.530123350183,8.0,2,2,0.965132508007,0.9484630910446867,0.6464351119939238
676.0,32000,2,10,7.0,0.74382049893,0.59219639888,0.277246396358,5,5,0.304903032628,9.0,6,879,0.0549989565701,0.9520567479776219,0.5547321189660579
856.0,32000,2,10,9.0,0.7462980852,2.92247028695,0.999846080121,5,5,1.0103633711,10.0,4,4,0.999884588864,0.9068935740506276,2.825873960973695
310.0,16000,10,10,3.0,0.747109161923,2.60135458806,1.0,5,5,4.22268541834,1.0,9,9,1.0,0.9066421469906345,2.235429172986187
317.0,32000,2,50,3.0,0.747845739126,0.531500085955,0.841277729325,5,5,0.432144561036,10.0,1,2,0.84284459224,0.9661581319523975,0.5384960430674255
675.0,32000,2,2,7.0,0.749606208177,4.57300616708,0.999875003879,5,5,0.613757781022,5.0,2,2,0.999750074181,0.9803618689766154,4.395812990958802
46.0,32000,2,10,0.0,0.752138716169,1.5816251731,0.999211892568,5,5,0.737133646759,10.0,4,4,0.999132227803,0.9356586540816352,1.5638420440955088
765.0,32000,2,2,8.0,0.757205490023,14.0896799259,1.0,5,5,1.23038381537,5.0,1,1,1.0,0.9791168299270794,13.452698293025605
760.0,16000,10,10,8.0,0.757657935144,2.57680891897,1.0,5,5,4.1220977578,2.0,9,9,1.0,0.8650110869202763,2.1509351650020108
220.0,16000,10,10,2.0,0.758086701157,2.74040624104,1.0,5,5,4.62822609804,9.0,9,9,1.0,0.8786800439702347,2.3110085900407284
585.0,32000,2,2,6.0,0.758087796159,18.6230527342,1.0,5,5,1.48913266702,3.0,1,1,1.0,0.9770188829861581,17.567335480009206
495.0,32000,2,2,5.0,0.758423591033,24.2714342319,1.0,5,5,1.82288702884,9.0,1,1,1.0,1.0269436379894614,23.014250219915994
574.0,8000,50,10,6.0,0.759732431965,2.79087190796,1.0,5,5,9.93369438797,1.0,9,9,1.0,0.8510325029492378,2.2907999390736222
855.0,32000,2,2,9.0,0.760197097901,17.1344045121,1.0,5,5,1.39439592582,10.0,1,1,1.0,0.9780656439252198,16.61493999499362
405.0,32000,2,2,4.0,0.760279834969,16.366650288,1.0,5,5,1.3490822859,5.0,1,1,1.0,0.9833070209715515,15.121792802005075
315.0,32000,2,2,3.0,0.761257173028,20.8805551131,1.0,5,5,1.6088816612,10.0,1,1,1.0,0.9651919140014797,18.79542365099769
496.0,32000,2,10,5.0,0.7622989011,9.94364738604,1.0,5,5,1.84364166961,2.0,1,1,1.0,0.9531373559730127,9.65278278104961
850.0,16000,10,10,9.0,0.764836975839,2.58796612103,1.0,5,5,4.09099883479,2.0,9,9,1.0,0.8619431550614536,2.4399117280263454
40.0,16000,10,10,0.0,0.771297584986,2.64590956294,1.0,5,5,4.10974433968,10.0,9,9,1.0,0.8545038340380415,2.063830201048404
490.0,16000,10,10,5.0,0.771385262022,2.74163866695,1.0,5,5,4.5119581252,1.0,9,9,1.0,0.8242168470751494,2.187487356015481
767.0,32000,2,50,8.0,0.774168825941,0.23354919604,0.25982225954,5,5,0.0758031993525,4.0,1711,1164,0.0316982833261,0.9425857260357589,0.2037528840592131
47.0,32000,2,50,0.0,0.777074860875,0.249159069965,1.3836676761e-06,5,5,0.00405378032225,1.0,31878,1224,0.000943778007705,0.9543140089372173,0.19837771903257817
587.0,32000,2,50,6.0,0.778388570063,0.233103275998,0.287491637942,5,5,0.0850202581264,5.0,1116,1182,0.0506826391335,0.9883725480176508,0.20477557997219265
857.0,32000,2,50,9.0,0.787632206921,0.275821975898,0.000302050591285,5,5,0.0635439878766,1.0,14197,1200,0.130926050539,0.9985288049792871,0.23390097497031093
130.0,16000,10,10,1.0,0.789182096021,2.74931814801,1.0,5,5,4.20668154087,5.0,9,9,1.0,0.937409580918029,2.349015882005915
750.0,8000,10,2,8.0,0.796586161014,2.59818157903,1.0,5,5,3.87429239547,8.0,1,1,1.0,0.872371467994526,2.178078987984918
227.0,32000,2,50,2.0,0.797901250189,0.25333913113,2.75753958517e-06,5,5,0.00632073814319,1.0,31759,1195,0.00198591227074,0.9803429489256814,0.20027324196416885
316.0,32000,2,10,3.0,0.798044893891,0.639817330986,0.703194002859,5,5,0.310196217542,6.0,6,6,0.703337288051,0.9077493218937889,0.5772134689614177
660.0,8000,10,2,7.0,0.800145942019,2.4530696529,1.0,5,5,3.65518708589,10.0,1,1,1.0,0.8884022389538586,2.0360187370097265
135.0,32000,2,2,1.0,0.803779670969,2.8509658929,0.999312089372,5,5,0.467864466618,1.0,20,3,0.999250712323,0.9667021250352263,2.7520404789829627
137.0,32000,2,50,1.0,0.806081679882,0.213006228907,3.07629015974e-06,5,5,0.00676727126691,1.0,31720,1239,0.00143867736527,0.9885784280486405,0.20466712699271739
497.0,32000,2,50,5.0,0.807521479903,0.260898547014,0.322415393176,5,5,0.0788659885261,5.0,1304,1222,0.110728843705,1.0189659090247005,0.20057189499493688
45.0,32000,2,2,0.0,0.808968510013,29.2587857959,1.0,5,5,2.24798558412,10.0,1,1,1.0,0.9762002680217847,29.165538326953538
580.0,16000,10,10,6.0,0.809383120853,2.69182609487,1.0,5,5,3.94564489805,3.0,9,9,1.0,0.8927099230932072,2.085997604066506
407.0,32000,2,50,4.0,0.81243701186,0.201263418188,0.000201896084575,5,5,0.0106154268181,5.0,1,1182,8.34312898288e-05,0.9911054209806025,0.16795269399881363
120.0,8000,10,2,1.0,0.834790763911,2.81750205718,1.0,5,5,4.25784614945,5.0,1,1,1.0,0.8956163719994947,2.4775330080883577
225.0,32000,2,2,2.0,0.854375669966,0.202725223033,0.0127746159598,5,5,0.00246296060747,2.0,365,1270,0.0034668027641,1.0629733679816127,0.16581605200190097
840.0,8000,10,2,9.0,0.865072130924,2.24982596212,1.0,5,5,3.28690947144,1.0,1,1,1.0,0.9452278909739107,1.8095981769729406
30.0,8000,10,2,0.0,0.887824869016,2.4689054389,1.0,5,5,3.67401612628,2.0,1,1,1.0,0.9232177099911496,2.0364728819113225
210.0,8000,10,2,2.0,0.926036281977,2.75292914384,1.0,5,5,4.12873086358,10.0,1,1,1.0,0.9704429979901761,2.3335210300283507
570.0,8000,10,2,6.0,0.967699280009,2.390102976,1.0,5,5,3.53529377229,4.0,1,1,1.0,0.9425085870316252,1.8223422130104154
300.0,8000,10,2,3.0,0.984961181879,2.28752965806,1.0,5,5,3.35432416988,5.0,1,1,1.0,0.9547667199512944,1.7696161959320307
116.0,4000,50,50,1.0,0.993385168025,0.808507285779,1.0,5,5,10.2430450321,1.0,49,49,1.0,0.9618411010596901,0.5284765809774399
480.0,8000,10,2,5.0,1.08005349198,2.444530237,1.0,5,5,3.60705736035,7.0,1,1,1.0,1.0401737909996882,1.8738665870623663
476.0,4000,50,50,5.0,1.0914370541,0.942302430049,1.0,5,5,10.3825215443,6.0,49,49,1.0,1.0883381160674617,0.6556814089417458
500.0,32000,10,50,5.0,1.11654656217,3.35239022505,1.0,5,5,4.26727338501,10.0,49,49,1.0,1.61360905400943,2.7551650190725923
50.0,32000,10,50,0.0,1.13404487818,3.64869368915,1.0,5,5,4.99123869368,1.0,49,49,1.0,1.549672016990371,3.079402394942008
230.0,32000,10,50,2.0,1.13512410503,3.699212651,1.0,5,5,4.78475501182,6.0,49,49,1.0,1.6310499110259116,3.0364890430355445
680.0,32000,10,50,7.0,1.1420295781,3.52941347007,1.0,5,5,4.59844763884,6.0,48,48,1.0,1.5573727670125663,2.8998251779703423
140.0,32000,10,50,1.0,1.14328594389,3.70179162105,1.0,5,5,4.91605775137,1.0,48,48,1.0,1.5382025750586763,3.103096330072731
206.0,4000,50,50,2.0,1.14896701998,0.928477018839,1.0,5,5,10.7339220505,10.0,49,49,1.0,1.1550778250675648,0.6452693659812212
410.0,32000,10,50,4.0,1.14987764088,3.68042319082,1.0,5,5,4.68311009799,10.0,49,49,1.0,1.6247224060352892,3.417651007999666
590.0,32000,10,50,6.0,1.18083161395,3.77328143804,1.0,5,5,4.70332687421,8.0,49,49,1.0,1.8424533600918949,3.070932268979959
320.0,32000,10,50,3.0,1.19373387285,3.86992076505,1.0,5,5,4.67701580538,1.0,49,49,1.0,1.6640639819670469,3.190405410947278
860.0,32000,10,50,9.0,1.20123191411,3.60487405397,1.0,5,5,4.37566390843,1.0,49,49,1.0,1.6607914420310408,2.9478393259923905
770.0,32000,10,50,8.0,1.22484091693,3.9453188742,1.0,5,5,4.58789741459,3.0,49,49,1.0,1.7936226289020851,3.2286806530319154
386.0,4000,50,50,4.0,1.2361347191,0.925408906071,1.0,5,5,11.0517342895,5.0,49,49,1.0,1.231116144102998,0.65167393500451
836.0,4000,50,50,9.0,1.28362592496,0.867004133062,1.0,5,5,10.495327107,1.0,49,49,1.0,1.283502668957226,0.5903696309542283
746.0,4000,50,50,8.0,1.30013378896,0.890334984055,1.0,5,5,10.7060775426,3.0,49,49,1.0,1.283911995938979,0.6288203180301934
296.0,4000,50,50,3.0,1.31261871313,0.782723410986,1.0,5,5,10.9337004811,1.0,49,49,1.0,1.2766862079733983,0.5267882189946249
845.0,8000,50,50,9.0,1.35914012487,2.09603053913,1.0,5,5,10.8594408435,1.0,49,49,1.0,1.3136825429974124,1.4519608640111983
35.0,8000,50,50,0.0,1.37319401698,2.25059391209,1.0,5,5,10.5491404599,10.0,49,49,1.0,1.3744362299330533,1.5069902039831504
566.0,4000,50,50,6.0,1.41642438993,0.956443828996,1.0,5,5,10.795863881,10.0,49,49,1.0,1.3498424739809707,0.6289778869831935
505.0,64000,2,10,5.0,1.47330115899,1.9102103659,0.604264914964,5,5,0.328924841872,10.0,3,3,0.604299070335,1.8359784190542996,1.8573862109333277
235.0,64000,2,10,2.0,1.47582214978,12.7835928421,0.999893065401,5,5,1.05738020009,9.0,3,3,0.999930813916,1.8926245799520984,12.110764217097312
685.0,64000,2,10,7.0,1.50536999688,1.37490377505,0.716062915364,5,5,0.211008894451,1.0,379,2,0.716062915364,1.8554763159481809,1.2663654889911413
679.0,32000,10,10,7.0,1.50744141382,9.40217281203,1.0,5,5,4.00989685714,8.0,9,9,1.0,2.0879505480406806,8.294152733986266
26.0,4000,50,50,0.0,1.517110897,0.944133440964,1.0,5,5,11.0264617714,1.0,49,49,1.0,1.5338462319923565,0.6096029439941049
55.0,64000,2,10,0.0,1.53168084892,10.3454995339,0.999137857152,5,5,0.910388370597,1.0,6,7,0.999138778892,1.8958446990000084,9.684330860967748
139.0,32000,10,10,1.0,1.53259100299,9.25426372187,1.0,5,5,3.93538310032,8.0,9,9,1.0,2.11376720899716,8.105364885996096
415.0,64000,2,10,4.0,1.53439101297,6.87307617604,0.999708361388,5,5,0.749995223192,8.0,5,5,0.999681328324,1.906886516022496,6.451713355956599
49.0,32000,10,10,0.0,1.53990948899,9.65707196714,1.0,5,5,3.91773802476,2.0,9,9,1.0,2.1220082249492407,8.460989290033467
319.0,32000,10,10,3.0,1.55491660303,9.70814715303,1.0,5,5,3.92357250229,4.0,9,9,1.0,2.128993113990873,8.887843854958192
409.0,32000,10,10,4.0,1.5550647059,9.73825689591,1.0,5,5,4.06836548289,2.0,9,9,1.0,2.145234380965121,8.531577846035361
499.0,32000,10,10,5.0,1.55883214716,10.7112890081,1.0,5,5,4.43685650435,4.0,9,9,1.0,2.1647758450126275,9.40448725502938
769.0,32000,10,10,8.0,1.56054364191,9.14538207604,1.0,5,5,3.63182888876,1.0,9,9,1.0,2.149759543943219,7.785659197019413
589.0,32000,10,10,6.0,1.56247465103,10.716892371,1.0,5,5,4.26440593673,2.0,9,9,1.0,2.2850998440990224,9.300835401052609
834.0,4000,50,2,9.0,1.56708945287,2.01347358292,1.0,5,5,9.61667941605,1.0,1,1,1.0,1.4428251329809427,1.5161267049843445
775.0,64000,2,10,8.0,1.57100861403,3.70365411509,0.998215915723,5,5,0.499366775002,10.0,4,3,0.998203766357,1.9533239119919017,3.7986719730542973
474.0,4000,50,2,5.0,1.57302853791,1.95510816318,1.0,5,5,9.1119617058,6.0,1,1,1.0,1.5623719460563734,1.5527587160468102
294.0,4000,50,2,3.0,1.57604489289,1.98825011705,1.0,5,5,9.31551456185,10.0,1,1,1.0,1.5469495280412957,1.511648604995571
656.0,4000,50,50,7.0,1.57645916007,0.79277883796,1.0,5,5,10.194573142,6.0,49,49,1.0,1.4444512740010396,0.5267759530106559
204.0,4000,50,2,2.0,1.57882165094,1.99706604588,1.0,5,5,9.45750694138,1.0,1,1,1.0,1.4551390160340816,1.4909470779821277
654.0,4000,50,2,7.0,1.58175599203,1.95852521388,1.0,5,5,9.05515198162,10.0,1,1,1.0,1.4484243700280786,1.4403905919753015
114.0,4000,50,2,1.0,1.58996262588,1.97900144593,1.0,5,5,9.21333502963,1.0,1,1,1.0,1.5361000509001315,1.5466953769791871
24.0,4000,50,2,0.0,1.59093834204,2.01129779988,1.0,5,5,9.78437092537,6.0,1,1,1.0,1.545898278011009,1.6291564400307834
384.0,4000,50,2,4.0,1.60814355593,2.0539329201,1.0,5,5,9.99822178228,10.0,1,1,1.0,1.5615255479933694,1.6985140249598771
744.0,4000,50,2,8.0,1.6211210622,1.95436474681,1.0,5,5,9.01780322599,8.0,1,1,1.0,1.513560326071456,1.4333016379969195
859.0,32000,10,10,9.0,1.62819385389,10.4756745279,1.0,5,5,4.18972946724,10.0,9,9,1.0,2.317989822011441,9.012268527993001
234.0,64000,2,2,2.0,1.63461542688,88.682028922,1.0,5,5,1.57263256503,6.0,1,1,1.0,1.9901378059294075,122.12336491409224
684.0,64000,2,2,7.0,1.64381866297,34.6376598191,1.0,5,5,0.840237482441,9.0,1,1,1.0,2.099469930981286,30.679601871059276
144.0,64000,2,2,1.0,1.64522462804,91.1318273419,1.0,5,5,1.5871084832,8.0,1,1,1.0,2.011268459027633,125.62906426098198
504.0,64000,2,2,5.0,1.64732667687,81.1114604389,1.0,5,5,1.4650259578,10.0,1,1,1.0,2.1435842170612887,97.0763937770389
864.0,64000,2,2,9.0,1.65295008197,41.865274413,1.0,5,5,0.946807945799,8.0,1,1,1.0,2.0245632709702477,36.8463796870783
229.0,32000,10,10,2.0,1.6666871151,11.262073789,1.0,5,5,4.60595816126,7.0,9,9,1.0,2.2476343599846587,9.986135877901688
564.0,4000,50,2,6.0,1.67537164292,1.94641252002,1.0,5,5,9.01980145895,6.0,1,1,1.0,1.492502812994644,1.466341343941167
325.0,64000,2,10,3.0,1.67758043506,0.945693422109,0.439126324948,5,5,0.135143942684,5.0,95,1477,0.389419377315,2.042705924017355,0.9336930150166154
145.0,64000,2,10,1.0,1.68249522988,19.6469952092,0.0835001007591,5,5,1.29406735162,9.0,1,1729,0.0228889621103,2.045719566056505,17.99613013700582
594.0,64000,2,2,6.0,1.71492376411,46.2848368839,1.0,5,5,0.996655604588,8.0,1,1,1.0,2.030194910010323,40.322761778952554
414.0,64000,2,2,4.0,1.7395112128,131.520588518,1.0,5,5,2.1691197444,9.0,1,1,1.0,2.0466712049674243,266.2917390819639
416.0,64000,2,50,4.0,1.7654341571,0.463270073989,0.111168512267,5,5,0.0194205284094,2.0,6995,2364,0.00495179266116,2.077760076033883,0.382976001012139
595.0,64000,2,10,6.0,1.78310506698,0.52822228102,6.75962270618e-06,5,5,0.00569381715245,1.0,61746,2568,0.0105203447066,1.9541597500210628,0.4480375029379502
866.0,64000,2,50,9.0,1.78798168083,0.54525797395,4.36380891736e-06,5,5,0.00773364437853,1.0,62579,2451,0.00184250274718,1.905160844908096,0.4458879880839959
485.0,8000,50,50,5.0,1.78863956104,2.01368606696,1.0,5,5,10.0479143211,2.0,49,49,1.0,1.7193334479816258,1.429291152046062
326.0,64000,2,50,3.0,1.7943493221,0.54922125279,0.176411644147,5,5,0.0898322008349,10.0,657,2517,0.012699466336,1.914401049958542,0.4500458169495687
776.0,64000,2,50,8.0,1.81918537989,0.423353235936,0.00524223773152,5,5,0.00366254845735,2.0,277,2508,0.00125289682152,1.9511476199841127,0.3243674919940531
506.0,64000,2,50,5.0,1.82439782307,0.509658060037,0.316578600979,5,5,0.0507447204078,4.0,3624,2481,0.166685866873,1.950540124089457,0.4064720339374617
596.0,64000,2,50,6.0,1.82725177007,0.530033073155,1.62976248614e-06,5,5,0.00471290953615,1.0,63445,2537,0.00258098298065,2.0476504429243505,0.4420576449483633
236.0,64000,2,50,2.0,1.82762975292,0.487487275852,1.08830408104e-06,5,5,0.00385251667375,1.0,63628,2582,0.00179066099159,1.9857175259385258,0.4342209859751165
146.0,64000,2,50,1.0,1.829785974,0.664840780897,0.0750416040495,5,5,0.117228122392,10.0,440,2487,0.000176498169793,1.9570778760826215,0.5963726059999317
56.0,64000,2,50,0.0,1.85701962002,15.4852095719,0.0,5,5,1.75195913617,8.0,0,2499,0.0,2.016025034012273,14.086721583968028
686.0,64000,2,50,7.0,1.87279590289,0.45946476399,0.00735400062337,5,5,0.028375407463,6.0,59,2475,0.00645345218137,2.271015052916482,0.3742227709153667
865.0,64000,2,10,9.0,1.89556682692,0.562660596101,2.85259755044e-05,5,5,0.0109417212026,1.0,55793,2574,0.0431652377125,2.335934638977051,0.5136809549294412
215.0,8000,50,50,2.0,1.91891210806,2.2539364649,1.0,5,5,10.8192893377,10.0,49,49,1.0,1.9990771729499102,1.6254193499917164
324.0,64000,2,2,3.0,1.92776735709,0.56486056,7.8176293721e-05,5,5,0.0083932834632,1.0,47840,2508,0.0990322329597,2.3460154610220343,0.5147504269843921
774.0,64000,2,2,8.0,1.94418769213,48.9403622812,0.612082355033,5,5,1.03424160618,3.0,1,1274,0.500162820426,2.150050639989786,42.65466028498486
54.0,64000,2,2,0.0,1.95151057187,0.546255205991,3.41233453908e-05,5,5,0.00625725744958,1.0,54834,2535,0.0462388262315,2.2355696118902415,0.5001626590965316
493.0,16000,50,10,5.0,1.96499955491,8.29536732007,1.0,5,5,9.51022764732,1.0,9,9,1.0,2.315226476988755,7.599221757962368
395.0,8000,50,50,4.0,1.97221431695,2.26969846804,1.0,5,5,10.4397026922,10.0,49,49,1.0,1.9135912219062448,1.5980061910813674
403.0,16000,50,10,4.0,2.00014581718,8.41307780589,1.0,5,5,10.3097209138,1.0,9,9,1.0,2.2365708620054647,7.489443482016213
583.0,16000,50,10,6.0,2.00566956215,8.54862068105,1.0,5,5,9.97430789914,1.0,9,9,1.0,2.1920564139727503,7.679480778053403
305.0,8000,50,50,3.0,2.01788189914,2.182622205,1.0,5,5,10.3627956891,3.0,49,49,1.0,2.127466007019393,1.4485914180986583
125.0,8000,50,50,1.0,2.06785648782,2.48903129296,1.0,5,5,10.7839405464,6.0,49,49,1.0,2.0261705559678376,1.6241108779795468
494.0,16000,50,50,5.0,2.09149259818,5.79417875502,1.0,5,5,10.5800966295,10.0,49,49,1.0,2.1898341429186985,4.2932223660172895
575.0,8000,50,50,6.0,2.11339387996,2.25745356409,1.0,5,5,10.8094826643,10.0,49,49,1.0,2.1443431340157986,1.6310378999914974
43.0,16000,50,10,0.0,2.12457706803,8.80739020999,1.0,5,5,10.176760637,10.0,9,9,1.0,2.51050396298524,7.922780486987904
223.0,16000,50,10,2.0,2.12915324606,8.760314201,1.0,5,5,10.0467354207,10.0,9,9,1.0,2.2887255859095603,7.695640251971781
133.0,16000,50,10,1.0,2.13166372292,8.71708253794,1.0,5,5,9.31500300667,1.0,9,9,1.0,2.369108754908666,7.497598514077254
673.0,16000,50,10,7.0,2.13313995022,9.14160480304,1.0,5,5,9.65523391179,9.0,9,9,1.0,2.3360816499916837,7.662449650000781
853.0,16000,50,10,9.0,2.15428372007,8.68448571698,1.0,5,5,9.75570691382,1.0,9,9,1.0,2.2715349480276927,7.4533390160650015
313.0,16000,50,10,3.0,2.19694629405,9.09721244406,1.0,5,5,9.80610955474,1.0,9,9,1.0,2.4108858819818124,8.050936665036716
763.0,16000,50,10,8.0,2.214099576,9.209887014,1.0,5,5,10.0497338854,6.0,9,9,1.0,2.3763852400006726,7.796560418908484
674.0,16000,50,50,7.0,2.36059338599,6.03013780015,1.0,5,5,10.3740431482,6.0,49,49,1.0,2.495494444970973,4.4455830859951675
764.0,16000,50,50,8.0,2.36690994608,5.81915440597,1.0,5,5,10.3607236984,1.0,49,49,1.0,2.429431398981251,4.175561437965371
239.0,64000,10,50,2.0,2.49697884102,12.4054547499,1.0,5,5,4.84941431724,1.0,49,49,1.0,3.6116687459871173,12.217792748007923
509.0,64000,10,50,5.0,2.51145255682,11.636609928,1.0,5,5,4.49560489733,4.0,48,48,1.0,3.6303191219922155,11.586159691913053
149.0,64000,10,50,1.0,2.52809412312,10.390670707,0.999984056128,5,5,3.96688233213,1.0,50,49,0.999984056128,3.576190334977582,10.160064417985268
779.0,64000,10,50,8.0,2.53459055698,10.7642606059,0.999936221581,5,5,3.92961436383,1.0,53,49,0.999936221581,3.7140573640353978,10.43899895704817
489.0,16000,10,2,5.0,2.57152034389,11.9907383139,1.0,5,5,4.14494415023,1.0,1,1,1.0,2.687938975985162,9.475526516092941
584.0,16000,50,50,6.0,2.58184956899,6.51382279885,1.0,5,5,10.6779887361,8.0,49,49,1.0,2.7757233179872856,4.644893435994163
314.0,16000,50,50,3.0,2.58346196986,6.54698959901,1.0,5,5,10.722931526,1.0,49,49,1.0,2.7440043329261243,4.643484946107492
854.0,16000,50,50,9.0,2.60353583889,6.41608662996,1.0,5,5,10.3844638906,3.0,49,49,1.0,2.6325644199969247,4.5396034580189735
759.0,16000,10,2,8.0,2.61398375593,11.1956080641,1.0,5,5,3.87221582283,5.0,1,1,1.0,3.1457819880452007,8.771893108962104
329.0,64000,10,50,3.0,2.65798021015,12.239954947,1.0,5,5,4.62982430194,1.0,49,49,1.0,3.8480071630328894,12.118658610037528
419.0,64000,10,50,4.0,2.69100528792,11.7432887289,1.0,5,5,4.24571573114,1.0,49,49,1.0,4.007626030012034,11.274634255096316
134.0,16000,50,50,1.0,2.72942199092,6.13319385308,1.0,5,5,10.1279185385,1.0,49,49,1.0,2.8828442730009556,4.3545523579232395
689.0,64000,10,50,7.0,2.73409047094,12.185015728,1.0,5,5,4.64536176493,5.0,48,48,1.0,3.8134496670681983,11.914205632987432
59.0,64000,10,50,0.0,2.76188717596,12.342784489,1.0,5,5,4.41056804958,1.0,49,49,1.0,3.9084148589754477,11.622211377951317
869.0,64000,10,50,9.0,2.7742937291,10.9638985919,0.999952129521,5,5,3.8532962837,10.0,50,49,0.999936211069,3.9447962580015883,10.488335650996305
399.0,16000,10,2,4.0,2.84147535707,10.154579771,1.0,5,5,3.54375300793,10.0,1,1,1.0,2.8945262220222503,7.661502945004031
599.0,64000,10,50,6.0,2.86424982501,10.5940767939,0.999601207341,5,5,3.53816433418,1.0,65,49,0.999616501134,4.0503700990229845,10.181074470980093
309.0,16000,10,2,3.0,2.93302596803,11.1303271609,1.0,5,5,3.85760057157,5.0,1,1,1.0,3.2060033790767193,8.639890355989337
224.0,16000,50,50,2.0,2.97267374303,6.78925418109,1.0,5,5,10.5199205358,10.0,49,49,1.0,3.043531463947147,4.830349897034466
665.0,8000,50,50,7.0,3.00111353886,2.04879491893,1.0,5,5,10.1230015469,1.0,49,49,1.0,2.8330586469965056,1.3744890940142795
849.0,16000,10,2,9.0,3.03163140803,11.1792080642,1.0,5,5,3.88180974546,6.0,1,1,1.0,3.259736101026647,9.204627766041085
44.0,16000,50,50,0.0,3.05069239694,6.47346034599,1.0,5,5,10.4449415012,1.0,49,49,1.0,3.0939142659772187,4.562009992077947
755.0,8000,50,50,8.0,3.08672324102,2.42175702308,1.0,5,5,10.6666797669,9.0,49,49,1.0,2.8371162700932473,1.600650861975737
404.0,16000,50,50,4.0,3.13330966397,5.29432609095,1.0,5,5,9.98156833073,4.0,49,49,1.0,3.1568856440717354,3.7927269489737228
39.0,16000,10,2,0.0,3.15968250809,13.630623338,1.0,5,5,4.61448116391,10.0,1,1,1.0,3.143334549968131,10.918155562016182
232.0,32000,50,10,2.0,3.39873898099,31.4592260399,1.0,5,5,9.66918378397,7.0,9,9,1.0,5.078145056031644,30.272509110043757
669.0,16000,10,2,7.0,3.4196237179,11.3828045919,1.0,5,5,3.90383306905,10.0,1,1,1.0,3.2975123410578817,8.785329097998329
52.0,32000,50,10,0.0,3.48748815409,31.7681519301,1.0,5,5,9.52561467815,1.0,9,9,1.0,5.408562066964805,30.79042288591154
322.0,32000,50,10,3.0,3.58485765313,32.664116133,1.0,5,5,9.78764386403,1.0,9,9,1.0,5.202068059006706,31.648131855996326
142.0,32000,50,10,1.0,3.58856772399,33.0059431491,1.0,5,5,9.88089816719,1.0,9,9,1.0,5.194951671059243,31.750576735008508
682.0,32000,50,10,7.0,3.59190540016,32.7161886159,1.0,5,5,9.78001762026,1.0,9,9,1.0,5.002866616938263,30.937465241993777
862.0,32000,50,10,9.0,3.65905877599,32.0845354311,1.0,5,5,10.1147673656,1.0,9,9,1.0,5.158525479957461,31.304181417101063
502.0,32000,50,10,5.0,3.67488898081,32.681534376,1.0,5,5,9.68625220335,10.0,9,9,1.0,5.144230423029512,31.60098480398301
785.0,128000,2,50,8.0,3.72061925498,2.93405625806,0.791838493757,5,5,0.217153810936,9.0,22,3,0.791929058841,4.23621517396532,2.8979538769926876
579.0,16000,10,2,6.0,3.75654275808,10.5032829959,1.0,5,5,3.64278379775,5.0,1,1,1.0,3.8332812159787863,8.068162262905389
129.0,16000,10,2,1.0,3.77067492087,11.6542900039,1.0,5,5,3.98376048922,10.0,1,1,1.0,3.5865380179602653,9.413965019979514
143.0,32000,50,50,1.0,3.79745380091,16.9461463748,1.0,5,5,10.0734886625,1.0,49,49,1.0,5.555757018970326,13.651308411965147
772.0,32000,50,10,8.0,3.79950799607,32.9293422