,seed,size,dimension,clusters,rep,hdbscan_time,dbscan_time,adjusted_rand,hdbscan_min_samples,hdbscan_min_cluster_size,dbscan_epsilon,dbscan_min_samples
0,168,256000,50,2,1,4399.274874961004,11767.077296162024,1.0,5,5,9.262886388270001,1
1,171,512000,2,2,1,46.350478019565344,4.252406917512417,0.0107565032581,5,5,0.0047112405199200005,10
2,172,512000,2,10,1,42.369829520583146,4.46759257465601,0.000315430678066,5,5,0.0028947707866,5
3,174,512000,10,2,1,930.5132198110224,18877.24898453243,1.0,5,5,4.038987257980001,1
4,178,512000,50,10,1,608.1203725617379,10044.110779980198,1.0,5,5,9.627543021689998,1
5,258,256000,50,2,2,4467.3386492319405,11403.283815663308,1.0,5,5,9.028280002899999,10
6,261,512000,2,2,2,49.31610045954585,4.0962998662143955,0.00035276431575800003,5,5,0.00396907744277,10
7,264,512000,10,2,2,901.0598364174367,16619.296409133818,1.0,5,5,3.8506397515400006,9
8,268,512000,50,10,2,547.0962724797428,9234.21181293577,1.0,5,5,8.99794303409,9
9,348,256000,50,2,3,4229.6757916770885,11442.047657581044,1.0,5,5,9.06993638615,10
10,351,512000,2,2,3,40.081565778702505,6.261435700580478,5.11968912726e-05,5,5,0.00572391992546,1
11,354,512000,10,2,3,848.5338630825281,13285.168222431092,1.0,5,5,3.5886895705199997,2
12,358,512000,50,10,3,534.5264381840825,9754.795338969678,1.0,5,5,9.502655883380001,1
13,438,256000,50,2,4,4202.230904972181,11503.618701901289,1.0,5,5,8.98601874508,10
14,441,512000,2,2,4,40.60710602067411,4716.80134331435,4.49358839054e-05,5,5,1.06228331861,6
15,444,512000,10,2,4,832.7306745350362,18399.293152641505,1.0,5,5,3.7128079867699997,10
16,522,256000,2,2,5,14.3680761475116,2.2500708363950253,0.193151854239,5,5,0.00909417854648,4
17,532,512000,2,10,5,38.76377588137984,3.673650117591024,0.00706132090618,5,5,0.004749869435520001,5
18,72,256000,2,2,0,12.53803102299571,2.255662582814693,0.12545737498,5,5,0.012919275534899998,9
19,78,256000,50,2,0,4437.2072823122135,10924.489816265179,1.0,5,5,8.969500677560001,10
20,81,512000,2,2,0,40.89870485849679,4.115802995860577,0.00027928475025200004,5,5,0.00415560946894,10
21,84,512000,10,2,0,811.4024425074457,17710.754405060783,1.0,5,5,3.66877731239,5
22,88,512000,50,10,0,578.7315935846417,10655.026147695258,1.0,5,5,9.38698670918,10
23,0,1000,2,2,0,0.018011508043855432,0.005073710111901164,0.58213558584,5,5,0.16637255989900002,6
24,1,1000,2,10,0,0.01629583491012454,0.007168289041146636,0.965586342343,5,5,0.845466849753,1
25,10,2000,2,10,0,0.03249690611846745,0.01792747201398015,0.9958660369310001,5,5,1.03956733793,5
26,100,2000,2,10,1,0.03392436378635466,0.01624898100271821,0.9468982782459999,5,5,0.7792499385130001,10
27,101,2000,2,50,1,0.034542307956144214,0.011425530072301626,0.36047093107600003,5,5,0.503760893773,7
28,102,2000,10,2,1,0.1185021719429642,0.16395610407926142,1.0,5,5,4.45057586091,1
29,103,2000,10,10,1,0.041103611933067434,0.06279483693651855,1.0,5,5,5.65281218707,6
30,104,2000,10,50,1,0.1065111190546304,0.0579745639115572,1.0,5,5,4.8163535071900005,2
31,105,2000,50,2,1,0.40485421009361744,0.5118408389389515,1.0,5,5,10.0569181759,10
32,106,2000,50,10,1,0.141872338950634,0.20521578984335065,1.0,5,5,10.293741070800001,4
33,107,2000,50,50,1,0.5977667840197682,0.3402315969578922,1.0,5,5,10.511550784199999,6
34,108,4000,2,2,1,0.0747082878369838,0.10497942683286964,0.9994998748749999,5,5,0.832839535846,1
35,109,4000,2,10,1,0.0690321340225637,0.038851844146847725,0.974767734125,5,5,0.669728095785,10
36,11,2000,2,50,0,0.03613941604271531,0.015756153967231512,0.958584135434,5,5,1.05207695268,4
37,110,4000,2,50,1,0.07506481208838522,0.02350474102422595,0.40850237180200005,5,5,0.380502477725,10
38,111,4000,10,2,1,0.3124116498511285,0.6200044499710202,1.0,5,5,3.9928361647300004,10
39,112,4000,10,10,1,0.095593451987952,0.18701066100038588,1.0,5,5,4.27919705425,10
40,113,4000,10,50,1,0.16716675995849073,0.1454915388021618,1.0,5,5,4.85391127052,10
41,114,4000,50,2,1,1.589962625876069,1.9790014459285885,1.0,5,5,9.21333502963,1
42,115,4000,50,10,1,0.2571435479912907,0.7784103599842638,1.0,5,5,9.894099318510001,10
43,116,4000,50,50,1,0.99338516802527,0.808507285779342,1.0,5,5,10.2430450321,1
44,117,8000,2,2,1,0.16535301599651575,0.8141176369972527,1.0,5,5,1.47573342488,7
45,118,8000,2,10,1,0.15432582912035284,0.17475035903044045,0.991490906752,5,5,0.8990950495160001,10
46,119,8000,2,50,1,0.15191884618252516,0.06533379689790307,0.592873653152,5,5,0.39226988884900005,9
47,12,2000,10,2,0,0.1002500921022147,0.13934610481373966,1.0,5,5,3.68515064062,1
48,120,8000,10,2,1,0.8347907639108598,2.8175020571798086,1.0,5,5,4.25784614945,5
49,121,8000,10,10,1,0.2385889319702983,0.6536694869864732,1.0,5,5,4.462718042830001,10
50,122,8000,10,50,1,0.3456242971587926,0.4037669058889151,0.999872449303,5,5,4.22775867821,1
51,123,8000,50,2,1,6.006863729795442,8.183434887090698,1.0,5,5,9.605239101919999,7
52,124,8000,50,10,1,0.5851324400864542,2.3666703959461297,1.0,5,5,9.753427003939999,7
53,125,8000,50,50,1,2.0678564878180623,2.489031292963773,1.0,5,5,10.7839405464,6
54,126,16000,2,2,1,0.4209860030096024,0.09841575496830046,3.05185047203e-05,5,5,0.004326488868180001,1
55,127,16000,2,10,1,0.3381628089118749,0.5039158270228654,0.998606225377,5,5,0.784697644039,10
56,128,16000,2,50,1,0.35295204212889075,0.10743107297457756,0.377261812553,5,5,0.11777276212200001,5
57,129,16000,10,2,1,3.770674920873717,11.654290003934875,1.0,5,5,3.98376048922,10
58,13,2000,10,10,0,0.04638189100660384,0.06447802297770977,1.0,5,5,4.38697913416,10
59,130,16000,10,10,1,0.7891820960212499,2.749318148009479,1.0,5,5,4.206681540869999,5
60,131,16000,10,50,1,0.5448347190394998,1.0623857190366834,1.0,5,5,4.70756480888,10
61,132,16000,50,2,1,24.393387601943694,34.272343213902786,1.0,5,5,9.58196862396,10
62,133,16000,50,10,1,2.1316637229174376,8.717082537943497,1.0,5,5,9.315003006669999,1
63,134,16000,50,50,1,2.7294219909235835,6.133193853078411,1.0,5,5,10.1279185385,1
64,135,32000,2,2,1,0.8037796709686518,2.850965892896056,0.999312089372,5,5,0.46786446661799996,1
65,136,32000,2,10,1,0.7325799949467182,0.9064345648512244,0.99601252875,5,5,0.407899674219,8
66,137,32000,2,50,1,0.8060816798824817,0.2130062289070338,3.0762901597400002e-06,5,5,0.006767271266909999,1
67,138,32000,10,2,1,8.662091896869242,41.79482277506031,1.0,5,5,3.48042033232,4
68,139,32000,10,10,1,1.5325910029932857,9.25426372187212,1.0,5,5,3.9353831003199993,8
69,14,2000,10,50,0,0.12963202106766405,0.06673551513813436,1.0,5,5,5.641789595,6
70,140,32000,10,50,1,1.1432859438937155,3.7017916210461412,1.0,5,5,4.9160577513699995,1
71,141,32000,50,2,1,81.04279505787417,139.19268457801078,1.0,5,5,9.3736307983,10
72,142,32000,50,10,1,3.5885677239857614,33.005943149095394,1.0,5,5,9.88089816719,1
73,143,32000,50,50,1,3.7974538009148087,16.946146374801177,1.0,5,5,10.0734886625,1
74,144,64000,2,2,1,1.6452246280387044,91.1318273418583,1.0,5,5,1.5871084832,8
75,145,64000,2,10,1,1.6824952298775315,19.64699520915747,0.08350010075910001,5,5,1.29406735162,9
76,146,64000,2,50,1,1.8297859739977864,0.6648407808970661,0.0750416040495,5,5,0.11722812239199999,10
77,147,64000,10,2,1,23.141018356895074,206.25563141005117,1.0,5,5,3.8625539621300007,5
78,148,64000,10,10,1,4.810105379205197,37.30413019610568,1.0,5,5,3.76099772855,2
79,149,64000,10,50,1,2.5280941231176257,10.390670706983656,0.999984056128,5,5,3.9668823321300004,1
80,15,2000,50,2,0,0.41003803513012826,0.4989309390075505,1.0,5,5,9.45306767114,10
81,150,64000,50,2,1,333.7874747018796,562.5320042620879,1.0,5,5,9.043825573560001,9
82,151,64000,50,10,1,11.600300438003616,123.4617556340527,1.0,5,5,9.3644829524,2
83,152,64000,50,50,1,7.844810870010406,50.05391572904773,1.0,5,5,10.0642689098,10
84,153,128000,2,2,1,4.2588782778475425,418.93623640690936,0.604727201291,5,5,1.60044659186,4
85,154,128000,2,10,1,4.227031326154247,10.030512252124026,0.26915270126400004,5,5,0.38112945130099996,10
86,155,128000,2,50,1,5.003851054003462,0.9516101100016384,0.0007688154904480001,5,5,0.0046156045361299995,3
87,156,128000,10,2,1,78.49969051498921,788.4028377539944,1.0,5,5,3.60836365245,2
88,157,128000,10,10,1,17.75654056295752,182.44610237586312,1.0,5,5,4.21515330317,7
89,158,128000,10,50,1,6.96525142597966,38.305095684016116,0.999984056003,5,5,3.93045782954,1
90,159,128000,50,2,1,1319.5252715200184,3064.638265859801,1.0,5,5,9.19819644171,10
91,16,2000,50,10,0,0.08363956701941787,0.22080744709819555,1.0,5,5,10.299809578,1
92,160,128000,50,10,1,40.07141652004793,626.9893757901153,1.0,5,5,10.0446581286,5
93,161,128000,50,50,1,21.213144997134805,194.7680760289077,1.0,5,5,10.066632393999999,9
94,162,256000,2,2,1,13.473855091957375,2.2064099269919097,9.59308261675e-05,5,5,0.00519816135343,10
95,163,256000,2,10,1,12.548417347017677,2.916446599876508,2.44979858381e-05,5,5,0.00939466473081,1
96,164,256000,2,50,1,13.174192334990947,2.531541300006211,2.31955946385e-06,5,5,0.0053880296833100005,1
97,165,256000,10,2,1,284.1449138668832,3135.4912233569194,1.0,5,5,3.3782474202399997,3
98,166,256000,10,10,1,65.67930185794829,651.4528835138773,1.0,5,5,3.6362489172,10
99,167,256000,10,50,1,21.301039269194007,176.8381654981058,1.0,5,5,4.55755256845,10
100,169,256000,50,10,1,144.73807004420087,2675.8357397059444,1.0,5,5,9.54927025254,8
101,17,2000,50,50,0,0.44881266402080655,0.32673957385122776,1.0,5,5,10.5295661853,4
102,170,256000,50,50,1,62.79629875603132,655.5935965317767,1.0,5,5,9.42668326174,6
103,173,512000,2,50,1,41.152765565086156,5.601043035974727,2.2082413534e-06,5,5,0.0050780347796,1
104,175,512000,10,10,1,249.06595004792325,4123.3476481242105,1.0,5,5,4.38903414505,5
105,176,512000,10,50,1,73.09696566290222,547.3968305101153,0.9997220280500001,5,5,3.15751360238,10
106,179,512000,50,50,1,195.81576443393715,2434.7491886629723,1.0,5,5,9.455180417000001,10
107,18,4000,2,2,0,0.07489114510826766,0.20964538003318006,1.0,5,5,1.53967150304,2
108,180,1000,2,2,2,0.01836469583213329,0.007279803045094012,0.8297234301399999,5,5,0.418265692904,9
109,181,1000,2,10,2,0.016496252967044708,0.007028288906440139,0.985017783328,5,5,0.965830123746,10
110,182,1000,2,50,2,0.018938379129394892,0.006896776845678687,0.973011642578,5,5,1.34818951884,10
111,183,1000,10,2,2,0.038236636901274317,0.03559954301454127,1.0,5,5,3.84969790417,10
112,184,1000,10,10,2,0.01906455191783607,0.01976712583564222,1.0,5,5,4.08744692165,5
113,185,1000,10,50,2,0.048932404024526484,0.020497223129495982,1.0,5,5,5.26161969351,6
114,186,1000,50,2,2,0.1137676970101893,0.12662736396305266,1.0,5,5,9.722198261239999,5
115,187,1000,50,10,2,0.05969062494114041,0.07950845593586564,1.0,5,5,10.3434500303,10
116,188,1000,50,50,2,0.1976419780403376,0.13128899387083948,1.0,5,5,11.645641740699999,10
117,189,2000,2,2,2,0.0364300140645355,0.06081735109910369,1.0,5,5,1.7670799634299998,10
118,19,4000,2,10,0,0.07055658102035522,0.04238568618893624,0.980853530491,5,5,0.634480314857,10
119,190,2000,2,10,2,0.03395589208230376,0.03350881393998861,1.0,5,5,1.7345609808700002,7
120,191,2000,2,50,2,0.036983175901696086,0.01194567303173244,0.661967868399,5,5,0.63705622636,10
121,192,2000,10,2,2,0.0910697770304978,0.14521554089151326,1.0,5,5,3.9443562253500004,1
122,193,2000,10,10,2,0.043356871930882335,0.0663976811338216,1.0,5,5,4.96945795598,3
123,194,2000,10,50,2,0.11360475793480873,0.06198523100465536,1.0,5,5,5.36247545545,3
124,195,2000,50,2,2,0.410956857027486,0.5093727980274707,1.0,5,5,9.84261926038,10
125,196,2000,50,10,2,0.07674671499989927,0.2135075470432639,1.0,5,5,9.9675897459,9
126,197,2000,50,50,2,0.5703569720499218,0.3641044420655817,1.0,5,5,10.936717476400002,4
127,198,4000,2,2,2,0.07720363792032002,0.20041967486031356,1.0,5,5,1.5167204780599999,6
128,199,4000,2,10,2,0.06767769018188119,0.0444434320088476,0.986755721585,5,5,0.699780144771,9
129,2,1000,2,50,0,0.01757071609608829,0.008959879167377949,1.0,5,5,2.20643986399,10
130,20,4000,2,50,0,0.07359961094334723,0.026066209189593792,0.344537325647,5,5,0.39852875578,10
131,200,4000,2,50,2,0.07343252096325159,0.029875267995521426,0.848490387239,5,5,0.5255672468029999,6
132,201,4000,10,2,2,0.3310951660387218,0.6227992561180145,1.0,5,5,4.02618694773,1
133,202,4000,10,10,2,0.10561537882313132,0.20692014787346125,1.0,5,5,4.32277988296,1
134,203,4000,10,50,2,0.2132794929202646,0.17166477791033685,1.0,5,5,5.42576687311,1
135,204,4000,50,2,2,1.5788216509390622,1.997066045878455,1.0,5,5,9.45750694138,1
136,205,4000,50,10,2,0.2257324659731239,0.6927575648296624,1.0,5,5,9.59634253212,1
137,206,4000,50,50,2,1.148967019980773,0.9284770188387484,1.0,5,5,10.7339220505,10
138,207,8000,2,2,2,0.17797395610250533,0.0403164098970592,0.00559087078229,5,5,0.0021774467655900002,2
139,208,8000,2,10,2,0.15015817200765014,0.09891362790949644,0.975951603091,5,5,0.508261295774,10
140,209,8000,2,50,2,0.16016921610571444,0.09088604408316314,0.9478065392880001,5,5,0.712341635532,9
141,21,4000,10,2,0,0.3404116339515895,0.6114471461623907,1.0,5,5,3.92496225714,6
142,210,8000,10,2,2,0.9260362819768488,2.752929143840447,1.0,5,5,4.12873086358,10
143,211,8000,10,10,2,0.24175688601098955,0.6562074010726064,1.0,5,5,4.503579445880001,1
144,212,8000,10,50,2,0.3505423618480563,0.4835369491484016,1.0,5,5,5.06704506044,10
145,213,8000,50,2,2,6.176315311808139,8.103625422110781,1.0,5,5,9.47965723788,10
146,214,8000,50,10,2,0.6033529720734805,2.2701160970609635,1.0,5,5,10.0039366607,6
147,215,8000,50,50,2,1.9189121080562472,2.253936464898288,1.0,5,5,10.819289337699999,10
148,216,16000,2,2,2,0.3552549090236425,5.557594281854109,1.0,5,5,2.0290261409599997,1
149,217,16000,2,10,2,0.3357315540779382,0.22170403390191493,0.958780574802,5,5,0.332518757268,10
150,218,16000,2,50,2,0.3662806621287018,0.10853282292373477,0.322765887094,5,5,0.115227649994,5
151,219,16000,10,2,2,3.94385973084718,10.033773378003387,1.0,5,5,3.51972308133,10
152,22,4000,10,10,0,0.08959816303104162,0.18101882189512253,1.0,5,5,4.461037184459999,1
153,220,16000,10,10,2,0.7580867011565715,2.740406241035089,1.0,5,5,4.62822609804,9
154,221,16000,10,50,2,0.6272716340608895,1.195602297782898,1.0,5,5,4.69867134166,9
155,222,16000,50,2,2,24.83499067486264,32.8665266118478,1.0,5,5,9.17342860368,1
156,223,16000,50,10,2,2.1291532460600138,8.760314201004803,1.0,5,5,10.046735420700001,10
157,224,16000,50,50,2,2.972673743031919,6.789254181087017,1.0,5,5,10.5199205358,10
158,225,32000,2,2,2,0.8543756699655205,0.20272522303275764,0.0127746159598,5,5,0.00246296060747,2
159,226,32000,2,10,2,0.6934519670903683,0.5279553490690887,0.9747267384630001,5,5,0.256332686111,7
160,227,32000,2,50,2,0.7979012501891702,0.2533391311299056,2.75753958517e-06,5,5,0.00632073814319,1
161,228,32000,10,2,2,7.540550212841481,42.202875880990184,1.0,5,5,3.5016763057199998,1
162,229,32000,10,10,2,1.6666871150955558,11.262073789024726,1.0,5,5,4.60595816126,7
163,23,4000,10,50,0,0.17395424284040928,0.15091107902117076,1.0,5,5,5.376445263280001,3
164,230,32000,10,50,2,1.135124105028808,3.6992126510012895,1.0,5,5,4.78475501182,6
165,231,32000,50,2,2,81.00784389884211,138.5285702738911,1.0,5,5,9.37964805934,10
166,232,32000,50,10,2,3.398738980991766,31.459226039936773,1.0,5,5,9.66918378397,7
167,233,32000,50,50,2,3.934176285052672,17.879326907917854,1.0,5,5,10.3665621347,1
168,234,64000,2,2,2,1.6346154268831017,88.68202892201954,1.0,5,5,1.57263256503,6
169,235,64000,2,10,2,1.4758221497759223,12.783592842053624,0.999893065401,5,5,1.05738020009,9
170,236,64000,2,50,2,1.8276297529228032,0.4874872758518904,1.08830408104e-06,5,5,0.00385251667375,1
171,237,64000,10,2,2,22.95047287899069,170.00545556191358,1.0,5,5,3.37653008518,1
172,238,64000,10,10,2,4.837403431069107,44.21053925598972,1.0,5,5,4.28798481565,10
173,239,64000,10,50,2,2.49697884102352,12.405454749939963,1.0,5,5,4.84941431724,1
174,24,4000,50,2,0,1.5909383420366794,2.011297799879685,1.0,5,5,9.78437092537,6
175,240,64000,50,2,2,325.339224049123,584.9861794218888,1.0,5,5,9.233779270680001,6
176,241,64000,50,10,2,12.11874276981689,134.08896803110838,1.0,5,5,9.96608960373,6
177,242,64000,50,50,2,7.820637176046147,47.482498921919614,1.0,5,5,9.97888918902,10
178,243,128000,2,2,2,4.309803020907567,463.0233718608506,0.603427940183,5,5,1.7568506739900003,10
179,244,128000,2,10,2,4.160405647009611,23.41641803900711,0.182412297238,5,5,0.63714328468,10
180,245,128000,2,50,2,4.642661524936557,73.38197372900322,0.0,5,5,1.92177948732,1
181,246,128000,10,2,2,88.42504841112532,744.4512319299392,1.0,5,5,3.48412351649,5
182,247,128000,10,10,2,16.927634951891378,168.93377591180615,1.0,5,5,3.96489153203,9
183,248,128000,10,50,2,7.011338162003084,35.471882862970226,0.999840547411,5,5,3.53588964786,1
184,249,128000,50,2,2,1300.8882352339572,3018.3981096949433,1.0,5,5,9.03806211635,10
185,25,4000,50,10,0,0.22255933308042586,0.7121237500105053,1.0,5,5,9.42173466955,8
186,250,128000,50,10,2,940.8081512288189,648.5503436208237,1.0,5,5,9.317404237789999,5
187,251,128000,50,50,2,21.05867998604663,178.7589192658197,1.0,5,5,9.77662463108,10
188,252,256000,2,2,2,13.10315156611614,2.179489991860464,3.88825132358e-05,5,5,0.004534983515310001,10
189,253,256000,2,10,2,12.381343487184493,2.6072560527827595,7.620017475289999e-06,5,5,0.00581842620442,1
190,254,256000,2,50,2,12.964185261866078,2.5345425980631258,1.8790987355599998e-06,5,5,0.00453934721954,1
191,255,256000,10,2,2,286.7909516671207,3777.660446515074,1.0,5,5,3.8246197041800003,10
192,256,256000,10,10,2,63.40754739800469,785.3844124011231,1.0,5,5,4.15093437178,7
193,257,256000,10,50,2,20.817695785779506,147.40531110391018,0.99998006985,5,5,3.84419463648,1
194,259,256000,50,10,2,143.27883533504792,2690.1471078570466,1.0,5,5,9.78946241187,1
195,26,4000,50,50,0,1.5171108969952911,0.944133440963924,1.0,5,5,11.026461771400001,1
196,260,256000,50,50,2,59.51419555791654,671.0179693188984,1.0,5,5,10.1260981141,10
197,262,512000,2,10,2,37.42984480690211,208.4651061741169,0.08927513090500001,5,5,0.407755302149,10
198,263,512000,2,50,2,39.38541770982556,5.619633554946631,2.88535493998e-06,5,5,0.005932481326950001,1
199,265,512000,10,10,2,238.26253328402527,3397.2828101878986,1.0,5,5,3.8028598984800004,9
200,266,512000,10,50,2,76.87826819601469,608.2828395890538,0.999958147084,5,5,3.4328176256,1
201,269,512000,50,50,2,189.13946230895817,2542.417317355052,1.0,5,5,9.82800689296,10
202,27,8000,2,2,0,0.16191072296351194,0.20092428103089333,0.998498796146,5,5,0.4373972578,1
203,270,1000,2,2,3,0.017642292194068432,0.014560696901753543,1.0,5,5,1.49437081329,3
204,271,1000,2,10,3,0.017331742914393544,0.011011927155777812,1.0,5,5,1.94046767678,1
205,272,1000,2,50,3,0.01867202296853065,0.007113315863534808,0.986934397694,5,5,1.40728650143,1
206,273,1000,10,2,3,0.03319726488552988,0.03473462606780231,1.0,5,5,3.71719480931,8
207,274,1000,10,10,3,0.02180057298392057,0.018641736824065447,1.0,5,5,4.18218037795,1
208,275,1000,10,50,3,0.05058807483874261,0.024328628089278936,1.0,5,5,6.33939673316,3
209,276,1000,50,2,3,0.1141217139083892,0.1283901180140674,1.0,5,5,9.901437509900001,1
210,277,1000,50,10,3,0.03617524798028171,0.06991390604525805,1.0,5,5,10.819892203499998,10
211,278,1000,50,50,3,0.179831278976053,0.13351022102870047,1.0,5,5,11.4354419592,1
212,279,2000,2,2,3,0.0357799781486392,0.028221457963809368,0.998995417534,5,5,0.757087901831,6
213,28,8000,2,10,0,0.14796520909294486,0.11322926497086885,0.9774107533740001,5,5,0.586852829513,10
214,280,2000,2,10,3,0.033500309102237225,0.013474701903760431,0.930385768003,5,5,0.504946600875,5
215,281,2000,2,50,3,0.03718733205460012,0.014280154136940837,0.964452705675,5,5,0.838680678506,6
216,282,2000,10,2,3,0.11133177089504898,0.15813821903429925,1.0,5,5,4.5544262159099995,4
217,283,2000,10,10,3,0.04097136901691556,0.05889186309650541,1.0,5,5,4.57810080476,9
218,284,2000,10,50,3,0.1151614640839398,0.05416871909983456,1.0,5,5,4.7114172969,2
219,285,2000,50,2,3,0.4214549749158323,0.49746419489383703,1.0,5,5,9.501675796839999,9
220,286,2000,50,10,3,0.08273882721550763,0.210828771116212,1.0,5,5,10.1318100019,1
221,287,2000,50,50,3,0.5095354740042239,0.3154707809444517,1.0,5,5,10.2624547571,2
222,288,4000,2,2,3,0.07496305787935853,0.22216049581766129,1.0,5,5,1.63419363389,4
223,289,4000,2,10,3,0.06962257577106358,0.045000337064266205,0.994956475094,5,5,0.804235144404,6
224,29,8000,2,50,0,0.16102072107605636,0.07764202891848981,0.93755282061,5,5,0.529682806457,8
225,290,4000,2,50,3,0.07488382095471025,0.035875019850209355,0.913114282677,5,5,0.7483786828710001,9
226,291,4000,10,2,3,0.27055569109506905,0.66261898400262,1.0,5,5,4.30551479771,10
227,292,4000,10,10,3,0.0910433700773865,0.196162641979754,1.0,5,5,4.40461596872,1
228,293,4000,10,50,3,0.1924559990875423,0.1684473070781678,1.0,5,5,5.555547905680001,1
229,294,4000,50,2,3,1.5760448928922417,1.988250117050484,1.0,5,5,9.31551456185,10
230,295,4000,50,10,3,0.20506144990213213,0.6782581929583102,1.0,5,5,10.1062727385,7
231,296,4000,50,50,3,1.3126187131274492,0.7827234109863639,1.0,5,5,10.933700481099999,1
232,297,8000,2,2,3,0.1749092098325491,0.9489362619351596,1.0,5,5,1.6633665121599999,4
233,298,8000,2,10,3,0.1556741390377283,0.08311327989213169,0.9776896078309999,5,5,0.423382358214,5
234,299,8000,2,50,3,0.15127222100272775,0.07185255619697273,0.9744812428309999,5,5,0.47171959382399997,8
235,3,1000,10,2,0,0.03933306806720793,0.03585696313530207,1.0,5,5,3.8859778211,1
236,30,8000,10,2,0,0.8878248690161854,2.4689054389018565,1.0,5,5,3.67401612628,2
237,300,8000,10,2,3,0.9849611818790436,2.287529658060521,1.0,5,5,3.35432416988,5
238,301,8000,10,10,3,0.2667800679337233,0.7352018028032035,1.0,5,5,4.5576979913699995,9
239,302,8000,10,50,3,0.3144208020530641,0.4282594751566649,1.0,5,5,4.818513315330001,4
240,303,8000,50,2,3,6.049077087081969,8.260610441910103,1.0,5,5,9.75754175255,9
241,304,8000,50,10,3,0.6801706010010093,2.473257960984484,1.0,5,5,9.569020243639999,4
242,305,8000,50,50,3,2.0178818991407748,2.1826222050003707,1.0,5,5,10.3627956891,3
243,306,16000,2,2,3,0.358975974842906,4.413416615920141,1.0,5,5,1.6441532195500002,7
244,307,16000,2,10,3,0.3266439090948552,0.4843126512132585,0.997410232243,5,5,0.7977650236480001,10
245,308,16000,2,50,3,0.34013712289743125,0.1895838868804276,0.976836571583,5,5,0.437270503406,5
246,309,16000,10,2,3,2.9330259680282325,11.130327160935847,1.0,5,5,3.8576005715699995,5
247,31,8000,10,10,0,0.2853450709953904,0.7708044110331684,1.0,5,5,4.30491743883,10
248,310,16000,10,10,3,0.7471091619227082,2.6013545880559827,1.0,5,5,4.22268541834,1
249,311,16000,10,50,3,0.6695058499462903,1.2286269532050935,1.0,5,5,5.097016020330001,1
250,312,16000,50,2,3,23.86880856892094,33.31166307698004,1.0,5,5,9.29032366997,10
251,313,16000,50,10,3,2.1969462940469384,9.09721244405955,1.0,5,5,9.806109554739999,1
252,314,16000,50,50,3,2.5834619698580354,6.546989599009977,1.0,5,5,10.722931526,1
253,315,32000,2,2,3,0.7612571730278432,20.880555113079023,1.0,5,5,1.6088816612,10
254,316,32000,2,10,3,0.7980448938906193,0.6398173309862614,0.703194002859,5,5,0.310196217542,6
255,317,32000,2,50,3,0.7478457391262054,0.5315000859554857,0.841277729325,5,5,0.432144561036,10
256,318,32000,10,2,3,7.592221129918472,46.54648600402288,1.0,5,5,3.75065181965,5
257,319,32000,10,10,3,1.554916603025049,9.708147153025493,1.0,5,5,3.9235725022900003,4
258,32,8000,10,50,0,0.33503610407933593,0.4687838349491358,1.0,5,5,4.90859504573,1
259,320,32000,10,50,3,1.1937338728457692,3.869920765049756,1.0,5,5,4.677015805380001,1
260,321,32000,50,2,3,79.54851332702674,134.06610424816608,1.0,5,5,9.056735482,1
261,322,32000,50,10,3,3.5848576531279828,32.664116133004434,1.0,5,5,9.78764386403,1
262,323,32000,50,50,3,4.131347885122523,16.89021797897294,1.0,5,5,10.1395421002,5
263,324,64000,2,2,3,1.927767357090488,0.5648605599999428,7.8176293721e-05,5,5,0.0083932834632,1
264,325,64000,2,10,3,1.6775804350618273,0.9456934221088886,0.439126324948,5,5,0.135143942684,5
265,326,64000,2,50,3,1.7943493220955131,0.5492212527897209,0.176411644147,5,5,0.0898322008349,10
266,327,64000,10,2,3,19.488301875069734,197.9830542928539,1.0,5,5,3.76560900193,1
267,328,64000,10,10,3,4.939115290995686,44.54355038492941,1.0,5,5,4.37041632797,1
268,329,64000,10,50,3,2.6579802101477985,12.239954947028306,1.0,5,5,4.62982430194,1
269,33,8000,50,2,0,6.266851211898029,8.076269142096862,1.0,5,5,9.48784097634,10
270,330,64000,50,2,3,321.48626189492643,586.1135335338768,1.0,5,5,9.35261316145,1
271,331,64000,50,10,3,10.85011706710793,119.61222487594931,1.0,5,5,9.20299040191,7
272,332,64000,50,50,3,8.051774970022961,47.39589768694714,1.0,5,5,10.000419730900001,9
273,333,128000,2,2,3,4.2563651509117335,299.26384576014243,0.6036988839199999,5,5,1.2770428682,9
274,334,128000,2,10,3,4.002955225063489,3.6515390931162974,0.351217548384,5,5,0.187330461837,10
275,335,128000,2,50,3,4.657034225994722,1.5171946499031037,0.00768107081322,5,5,0.0824705889791,7
276,336,128000,10,2,3,80.98615882312879,794.8379085401538,1.0,5,5,3.6340304365400002,4
277,337,128000,10,10,3,16.632998811081052,156.9195572331082,1.0,5,5,3.728004795,6
278,338,128000,10,50,3,6.971343060024082,40.256372922100134,1.0,5,5,4.02657244169,2
279,339,128000,50,2,3,1289.2921812878924,3226.129825229291,1.0,5,5,9.69653029409,10
280,34,8000,50,10,0,0.6060359489638358,2.257097658002749,1.0,5,5,10.041994909400001,10
281,340,128000,50,10,3,39.37678509810939,596.6866215048358,1.0,5,5,9.50080176687,10
282,341,128000,50,50,3,19.90216032112949,176.32457453594543,1.0,5,5,9.87453136153,10
283,342,256000,2,2,3,13.152768888976427,2.835151403909549,4.259579375900001e-05,5,5,0.00539322218698,1
284,343,256000,2,10,3,11.994548565009609,470.54388857400045,0.0935924105775,5,5,1.5158995909200002,2
285,344,256000,2,50,3,12.925013985019175,2.4872799208387733,3.1986517960900002e-06,5,5,0.00605333416994,1
286,345,256000,10,2,3,291.04291729512624,3309.5979005191475,1.0,5,5,3.4908751345599995,6
287,346,256000,10,10,3,63.56025871215388,860.0070625429507,1.0,5,5,4.4393010176,1
288,347,256000,10,50,3,21.392755571985614,164.89621907193214,1.0,5,5,4.38708255525,1
289,349,256000,50,10,3,140.74818766210228,3091.149663724005,1.0,5,5,9.520458297380001,1
290,35,8000,50,50,0,1.3731940169818702,2.2505939120892435,1.0,5,5,10.5491404599,10
291,350,256000,50,50,3,61.933034487999976,704.9901237259619,1.0,5,5,10.3842916478,3
292,352,512000,2,10,3,35.998466299846775,18.37207452603616,0.174015536738,5,5,0.101654842819,6
293,353,512000,2,50,3,40.744087327970185,5.438207384897397,7.03229350972e-07,5,5,0.00268040467859,1
294,355,512000,10,10,3,250.9812698659953,1958.9554219529966,0.999183756666,5,5,2.61629422919,10
295,356,512000,10,50,3,74.38540892791934,587.6302158320323,0.999932235802,5,5,3.33223262769,1
296,359,512000,50,50,3,188.4421462311875,2831.366766148014,1.0,5,5,9.474241922889998,9
297,36,16000,2,2,0,0.3589827630203217,3.313603256130591,1.0,5,5,1.3127490206799999,6
298,360,1000,2,2,4,0.01682277605868876,0.016033656895160675,1.0,5,5,2.06105060634,3
299,361,1000,2,10,4,0.017055337084457278,0.0064242701046168795,0.9548785751980001,5,5,0.8793873014839999,10
300,362,1000,2,50,4,0.01716774608939886,0.0055193998850882045,0.7847936437880001,5,5,0.864835416696,6
301,363,1000,10,2,4,0.03563344106078148,0.03817360289394856,1.0,5,5,4.547505649230001,4
302,364,1000,10,10,4,0.01792830997146666,0.018835653085261583,1.0,5,5,4.694870559180001,1
303,365,1000,10,50,4,0.05640470213256776,0.021058840909972787,1.0,5,5,5.52180459853,8
304,366,1000,50,2,4,0.10832040780223906,0.1274081461597234,1.0,5,5,9.88426868791,10
305,367,1000,50,10,4,0.06577263306826353,0.0778657931368798,1.0,5,5,10.0993490882,6
306,368,1000,50,50,4,0.20843045599758625,0.12995062209665775,1.0,5,5,10.8295861374,2
307,369,2000,2,2,4,0.03560343408025801,0.01892433408647776,0.988877210036,5,5,0.432427943639,7
308,37,16000,2,10,0,0.3269246369600296,0.18806450185365972,0.9821610561499999,5,5,0.29843679029599995,8
309,370,2000,2,10,4,0.03347364603541792,0.0143160130828619,0.9285728192939999,5,5,0.527554484074,6
310,371,2000,2,50,4,0.03565151779912412,0.013340416131541131,0.9356477288609999,5,5,0.6449570859570001,3
311,372,2000,10,2,4,0.11206595902331172,0.15229269582778215,1.0,5,5,4.2198985146900005,9
312,373,2000,10,10,4,0.03782907617278397,0.057449701940640814,1.0,5,5,5.305608644119999,5
313,374,2000,10,50,4,0.1133440921548754,0.05887021217495202,1.0,5,5,5.46843898674,3
314,375,2000,50,2,4,0.3878650418482721,0.5074253610800952,1.0,5,5,9.8053183291,1
315,376,2000,50,10,4,0.3296608501113951,0.19817602704279125,1.0,5,5,9.97942296575,8
316,377,2000,50,50,4,0.5350196128711104,0.28745761094614863,1.0,5,5,10.6428913332,6
317,378,4000,2,2,4,0.07611703895963727,0.23879436892457306,1.0,5,5,1.8037527586500002,3
318,379,4000,2,10,4,0.07311870181001723,0.041802877094596624,0.984743926661,5,5,0.583805860703,10
319,38,16000,2,50,0,0.35801928397268057,0.17539445613510907,0.601742314272,5,5,0.36475403950900004,10
320,380,4000,2,50,4,0.07675683498382567,0.03059639316052198,0.7758339105679999,5,5,0.557503176467,6
321,381,4000,10,2,4,0.26835630787536496,0.62046033795923,1.0,5,5,3.9702031030800002,1
322,382,4000,10,10,4,0.11282967706210913,0.24978042487055066,1.0,5,5,4.54226596305,7
323,383,4000,10,50,4,0.21107036690227687,0.16487588919699192,1.0,5,5,4.9892009017,1
324,384,4000,50,2,4,1.608143555931747,2.0539329200983047,1.0,5,5,9.99822178228,10
325,385,4000,50,10,4,0.2809487849008292,0.8651138211134821,1.0,5,5,9.64938565046,8
326,386,4000,50,50,4,1.2361347191035748,0.9254089060705156,1.0,5,5,11.0517342895,5
327,387,8000,2,2,4,0.16534839011728766,0.8143399481195956,1.0,5,5,1.48138664822,3
328,388,8000,2,10,4,0.14654730004258454,0.12331419298425315,0.9809768955239999,5,5,0.5091521132069999,8
329,389,8000,2,50,4,0.1603054751176387,0.049001442966982715,0.34958978967,5,5,0.17041866479899997,5
330,39,16000,10,2,0,3.1596825080923736,13.630623338045552,1.0,5,5,4.61448116391,10
331,390,8000,10,2,4,0.7228564210236073,2.723030099878088,1.0,5,5,4.12168176691,1
332,391,8000,10,10,4,0.2430028361268341,0.6848576080519706,1.0,5,5,4.5851683197,1
333,392,8000,10,50,4,0.3159283159766346,0.32024298794567585,0.987271702045,5,5,3.4270487523299997,1
334,393,8000,50,2,4,6.137610481120646,8.174209653865546,1.0,5,5,9.604165588999999,2
335,394,8000,50,10,4,0.6324990091379732,2.3850280109327286,1.0,5,5,9.73801296654,10
336,395,8000,50,50,4,1.9722143169492483,2.2696984680369496,1.0,5,5,10.439702692200001,10
337,396,16000,2,2,4,0.36435840697959065,4.219757332000881,1.0,5,5,1.5917393763299998,1
338,397,16000,2,10,4,0.3266957600135356,0.1949016668368131,0.8765013877200002,5,5,0.318252585225,10
339,398,16000,2,50,4,0.3903176730964333,0.10895898193120956,0.28717450714299997,5,5,0.124047506926,5
340,399,16000,10,2,4,2.8414753570687026,10.154579770984128,1.0,5,5,3.5437530079300004,10
341,4,1000,10,10,0,0.022376580163836483,0.021693762857466936,1.0,5,5,4.34461004084,4
342,40,16000,10,10,0,0.7712975849863142,2.6459095629397784,1.0,5,5,4.109744339680001,10
343,400,16000,10,10,4,0.7224566969089209,2.6249402789399032,1.0,5,5,4.848978425199999,10
344,401,16000,10,50,4,0.7286570628639311,1.20655945292674,1.0,5,5,4.31367752905,1
345,402,16000,50,2,4,24.144929409958426,34.77585338498466,1.0,5,5,9.80242541646,4
346,403,16000,50,10,4,2.0001458171755075,8.41307780588977,1.0,5,5,10.3097209138,1
347,404,16000,50,50,4,3.133309663971886,5.2943260909523815,1.0,5,5,9.981568330730001,4
348,405,32000,2,2,4,0.7602798349689692,16.366650287993252,1.0,5,5,1.3490822859,5
349,406,32000,2,10,4,0.7226763181388378,0.7144831879995763,0.992107653315,5,5,0.318615458689,6
350,407,32000,2,50,4,0.8124370118603109,0.2012634181883186,0.000201896084575,5,5,0.0106154268181,5
351,408,32000,10,2,4,6.472154685994611,52.32420640694909,1.0,5,5,4.1180861815,10
352,409,32000,10,10,4,1.5550647058989853,9.738256895914674,1.0,5,5,4.06836548289,2
353,41,16000,10,50,0,0.5941119799390435,1.1941236429847777,1.0,5,5,4.72121131638,9
354,410,32000,10,50,4,1.1498776408843696,3.680423190817237,1.0,5,5,4.68311009799,10
355,411,32000,50,2,4,80.66405239398591,140.40597350499593,1.0,5,5,9.34574137745,10
356,412,32000,50,10,4,3.8040272900834684,33.95024146907963,1.0,5,5,9.65722770537,2
357,413,32000,50,50,4,8.350463991984725,16.402936354046687,1.0,5,5,9.90067563305,3
358,414,64000,2,2,4,1.739511212799698,131.52058851788752,1.0,5,5,2.1691197444,9
359,415,64000,2,10,4,1.5343910129740834,6.873076176038013,0.9997083613879999,5,5,0.749995223192,8
360,416,64000,2,50,4,1.7654341571033,0.4632700739894062,0.111168512267,5,5,0.019420528409400003,2
361,417,64000,10,2,4,22.60606674593873,177.7489489421714,1.0,5,5,3.4882407122400005,1
362,418,64000,10,10,4,4.851171002024786,43.957999737933285,1.0,5,5,4.30361761249,3
363,419,64000,10,50,4,2.691005287924781,11.743288728874175,1.0,5,5,4.24571573114,1
364,42,16000,50,2,0,24.507352986140173,32.99232460395433,1.0,5,5,9.241903268180002,4
365,420,64000,50,2,4,324.23668597498914,582.7142672229093,1.0,5,5,9.340814754010001,9
366,421,64000,50,10,4,11.198309808969498,126.59510353486984,1.0,5,5,9.670709095760001,10
367,422,64000,50,50,4,8.051842777989805,48.96475901594386,1.0,5,5,9.92080946522,8
368,423,128000,2,2,4,4.237792724976317,257.13642776804045,0.602639589779,5,5,1.16441705352,7
369,424,128000,2,10,4,4.675252442015335,1.1513800430111587,6.15708484803e-06,5,5,0.00488539300942,1
370,425,128000,2,50,4,4.526528493035585,0.9605514178983868,0.00035621175705599997,5,5,0.00363166003997,3
371,426,128000,10,2,4,73.01312113390304,902.8071899039204,1.0,5,5,3.9384808408199996,1
372,427,128000,10,10,4,16.83669569483027,156.4011948311236,1.0,5,5,3.73005102952,1
373,428,128000,10,50,4,6.857158957049251,36.282090523047366,0.999944203222,5,5,3.75231221165,1
374,429,128000,50,2,4,1279.6953141151462,2941.5567269278695,1.0,5,5,8.72239828874,10
375,43,16000,50,10,0,2.1245770680252463,8.807390209985899,1.0,5,5,10.176760637000001,10
376,430,128000,50,10,4,39.43508472619578,650.1749632121064,1.0,5,5,10.516324758,1
377,431,128000,50,50,4,20.297853292897344,188.36095200316052,1.0,5,5,10.3174941552,1
378,432,256000,2,2,4,13.040308129042387,2.570990395033732,0.212389375608,5,5,0.01,6
379,433,256000,2,10,4,9.83973130211234,21.870176281081516,0.934444697983,5,5,0.245367181087,1
380,434,256000,2,50,4,12.717045205878096,2.6572201859671623,1.73730761725e-05,5,5,0.013091894969799999,1
381,435,256000,10,2,4,280.31089932098985,3395.1228696110193,1.0,5,5,3.5920552388,1
382,436,256000,10,10,4,65.177313946886,732.1000930301379,1.0,5,5,3.94151900239,6
383,437,256000,10,50,4,21.86079983692616,137.8650412498973,0.999940210376,5,5,3.57860270925,1
384,439,256000,50,10,4,144.25400324095972,2639.8191852599853,1.0,5,5,9.43217992793,2
385,44,16000,50,50,0,3.050692396936938,6.473460345994681,1.0,5,5,10.4449415012,1
386,440,256000,50,50,4,58.38061002804897,666.448679905152,1.0,5,5,10.2326862625,1
387,442,512000,2,10,4,38.887096515158184,5.897904066136108,4.11197326084e-06,5,5,0.00415045878394,1
388,443,512000,2,50,4,40.48300369107165,7.056331753032283,0.043775685957300005,5,5,0.028300568893599998,3
389,445,512000,10,10,4,252.0429264570121,3373.269537489861,1.0,5,5,3.8064831586300003,10
390,446,512000,10,50,4,75.74864607397468,673.3089717798866,0.999998007015,5,5,3.77994555208,1
391,449,512000,50,50,4,188.3418650808744,2412.135873496998,1.0,5,5,9.38621219918,2
392,45,32000,2,2,0,0.8089685100130737,29.25878579588607,1.0,5,5,2.24798558412,10
393,450,1000,2,2,5,0.01896092016249895,0.004488174105063082,2.52803804054e-05,5,5,0.00559240685908,1
394,451,1000,2,10,5,0.016479273093864318,0.0094276899471879,1.0,5,5,2.12396365112,10
395,452,1000,2,50,5,0.01805603806860745,0.0051520480774343005,0.323757767381,5,5,0.672872696465,7
396,453,1000,10,2,5,0.03731534001417458,0.03761793300509453,1.0,5,5,4.2460575266900005,10
397,454,1000,10,10,5,0.02020763186737895,0.019442328019067645,1.0,5,5,4.2821211214999995,10
398,455,1000,10,50,5,0.05370822292752564,0.02084795688278973,1.0,5,5,5.195173833959999,4
399,456,1000,50,2,5,0.11027696705423297,0.1285266149789095,1.0,5,5,10.3370072782,1
400,457,1000,50,10,5,0.07469231192953885,0.07693315204232931,1.0,5,5,9.61532614406,2
401,458,1000,50,50,5,0.2094544409774244,0.1390514310915023,1.0,5,5,11.737688778299999,10
402,459,2000,2,2,5,0.036082162987440825,0.04952622787095606,1.0,5,5,1.4050997543900001,8
403,46,32000,2,10,0,0.7521387161687016,1.5816251731012017,0.9992118925679999,5,5,0.737133646759,10
404,460,2000,2,10,5,0.03354232897982001,0.01541433809325099,0.956659925619,5,5,0.6841104510699999,10
405,461,2000,2,50,5,0.035324329975992434,0.014541760087013243,0.90373977816,5,5,0.847084215801,5
406,462,2000,10,2,5,0.07060246402397752,0.13671460701152682,1.0,5,5,3.66296496439,7
407,463,2000,10,10,5,0.03985121520236135,0.06127253011800349,1.0,5,5,4.576996310299999,10
408,464,2000,10,50,5,0.1303598911035806,0.06200434197671713,1.0,5,5,5.3387079611,1
409,465,2000,50,2,5,0.4148475700058043,0.5035764400381595,1.0,5,5,9.6706148285,10
410,466,2000,50,10,5,0.17139275395311415,0.2338775019161403,1.0,5,5,10.2934500416,8
411,467,2000,50,50,5,0.5716526550240815,0.3920671900268644,1.0,5,5,11.012746131300002,3
412,468,4000,2,2,5,0.07909337896853685,0.26568850385956466,1.0,5,5,2.0121828462,8
413,469,4000,2,10,5,0.07635568082332611,0.07051391806453466,0.9995978860570001,5,5,1.28749086104,3
414,47,32000,2,50,0,0.7770748608745635,0.2491590699646622,1.3836676761e-06,5,5,0.00405378032225,1
415,470,4000,2,50,5,0.0779486489482224,0.024471252923831344,0.43824950014499997,5,5,0.34385698888599997,7
416,471,4000,10,2,5,0.37084926781244576,0.6481226249597967,1.0,5,5,4.20455249746,10
417,472,4000,10,10,5,0.10839948593638836,0.2195351868867874,1.0,5,5,4.43224244869,10
418,473,4000,10,50,5,0.19710276811383665,0.15784671995788813,1.0,5,5,4.64987746316,10
419,474,4000,50,2,5,1.5730285379104316,1.9551081631798295,1.0,5,5,9.1119617058,6
420,475,4000,50,10,5,0.2305898009799421,0.736317410133779,1.0,5,5,10.056752744,1
421,476,4000,50,50,5,1.091437054099515,0.9423024300485848,1.0,5,5,10.3825215443,6
422,477,8000,2,2,5,0.16466168197803197,0.14775955793447793,0.8942597866869999,5,5,0.296943750261,6
423,478,8000,2,10,5,0.14994862000457942,0.09253242798149586,0.9367034032089999,5,5,0.448961730138,3
424,479,8000,2,50,5,0.16706733405590055,0.05199885182082653,0.366667428398,5,5,0.21596366847100001,6
425,48,32000,10,2,0,6.889995459001511,49.76882291794754,1.0,5,5,3.9633459605000003,3
426,480,8000,10,2,5,1.0800534919835627,2.444530237000436,1.0,5,5,3.6070573603500002,7
427,481,8000,10,10,5,0.256590167991817,0.720339034916833,1.0,5,5,4.59396089422,10
428,482,8000,10,50,5,0.3169405930675566,0.4451851861085743,1.0,5,5,5.32486457096,10
429,483,8000,50,2,5,6.104926222003996,7.994090729160233,1.0,5,5,9.277242866369999,10
430,484,8000,50,10,5,0.6445828741416335,2.4131702589802444,1.0,5,5,10.124205533200001,1
431,485,8000,50,50,5,1.788639561040327,2.0136860669590533,1.0,5,5,10.0479143211,2
432,486,16000,2,2,5,0.3546458329074085,3.966826352989301,1.0,5,5,1.47886574769,3
433,487,16000,2,10,5,0.3198722281958908,0.4701828800607473,0.99931319734,5,5,0.843848685176,10
434,488,16000,2,50,5,0.35103916306979954,0.1668838020414114,0.8109283450270001,5,5,0.38163214763000003,6
435,489,16000,10,2,5,2.5715203438885506,11.990738313877955,1.0,5,5,4.14494415023,1
436,49,32000,10,10,0,1.5399094889871776,9.657071967143564,1.0,5,5,3.91773802476,2
437,490,16000,10,10,5,0.7713852620217949,2.7416386669501662,1.0,5,5,4.5119581252,1
438,491,16000,10,50,5,0.6447702189907432,1.0080550501588732,0.9985873794679999,5,5,3.6768328990199994,1
439,492,16000,50,2,5,24.36396917002276,33.074617707170546,1.0,5,5,9.21433755094,6
440,493,16000,50,10,5,1.9649995549116284,8.295367320068179,1.0,5,5,9.51022764732,1
441,494,16000,50,50,5,2.0914925981778647,5.794178755022585,1.0,5,5,10.5800966295,10
442,495,32000,2,2,5,0.7584235910326242,24.271434231894087,1.0,5,5,1.82288702884,9
443,496,32000,2,10,5,0.7622989010997117,9.943647386040539,1.0,5,5,1.84364166961,2
444,497,32000,2,50,5,0.807521479902789,0.26089854701422155,0.322415393176,5,5,0.07886598852610001,5
445,498,32000,10,2,5,6.2987081380560985,49.20883074379526,1.0,5,5,3.93231425099,3
446,499,32000,10,10,5,1.5588321471586823,10.711289008148016,1.0,5,5,4.43685650435,4
447,5,1000,10,50,0,0.05026414105668664,0.023307038936764,1.0,5,5,5.67553718778,8
448,50,32000,10,50,0,1.1340448781847954,3.648693689145148,1.0,5,5,4.991238693680001,1
449,500,32000,10,50,5,1.1165465621743351,3.3523902250453834,1.0,5,5,4.26727338501,10
450,501,32000,50,2,5,78.53494716691785,135.13295888993892,1.0,5,5,9.08306390933,1
451,502,32000,50,10,5,3.674888980807737,32.6815343759954,1.0,5,5,9.68625220335,10
452,503,32000,50,50,5,8.94042706512846,17.556526069995016,1.0,5,5,10.2089467113,10
453,504,64000,2,2,5,1.6473266768734902,81.1114604389295,1.0,5,5,1.4650259578,10
454,505,64000,2,10,5,1.473301158985123,1.910210365895182,0.604264914964,5,5,0.328924841872,10
455,506,64000,2,50,5,1.8243978230748328,0.5096580600365996,0.316578600979,5,5,0.0507447204078,4
456,507,64000,10,2,5,19.646245809970427,214.5846692500636,1.0,5,5,3.9738233781199996,1
457,508,64000,10,10,5,4.923156808130443,40.103259962052114,1.0,5,5,3.8445905316800006,7
458,509,64000,10,50,5,2.5114525568205863,11.636609927983955,1.0,5,5,4.495604897330001,4
459,51,32000,50,2,0,80.34077037218958,133.71116940514185,1.0,5,5,9.02482157151,8
460,510,64000,50,2,5,311.31537269288674,587.7620623030234,1.0,5,5,9.21742940079,1
461,511,64000,50,10,5,11.209404454100875,123.46890317392536,1.0,5,5,9.466590174419999,1
462,512,64000,50,50,5,8.588905278127639,50.790172280045226,1.0,5,5,10.3795441568,4
463,513,128000,2,2,5,4.3995565429795525,391.8981620389968,0.604806233402,5,5,1.53408997435,2
464,514,128000,2,10,5,3.9453789379913364,14.147100419970231,0.539549550049,5,5,0.44761214043,9
465,515,128000,2,50,5,4.518796768039465,1.1104862440843135,1.27211766448e-06,5,5,0.00409839276612,1
466,516,128000,10,2,5,72.56346646603197,822.9479937269352,1.0,5,5,3.7164911168,1
467,517,128000,10,10,5,17.94393166317605,171.0860846301075,1.0,5,5,3.98057021134,2
468,518,128000,10,50,5,6.735506091034041,40.379840129986405,1.0,5,5,4.07101521151,1
469,519,128000,50,2,5,1259.5849902201444,2996.516467686277,1.0,5,5,8.935471513169999,10
470,52,32000,50,10,0,3.4874881540890783,31.768151930067692,1.0,5,5,9.525614678150001,1
471,520,128000,50,10,5,39.73967106197961,653.5717607198749,1.0,5,5,9.156179406369999,5
472,521,128000,50,50,5,21.68190931295976,200.8748866431415,1.0,5,5,10.0924136144,10
473,523,256000,2,10,5,12.131294474937024,629.4548090300523,0.0929665433492,5,5,1.78100691006,10
474,524,256000,2,50,5,12.99493311997503,2.6303409680258483,0.16761776277999998,5,5,0.0458594167469,10
475,525,256000,10,2,5,297.51778148510493,3521.1109116091393,1.0,5,5,3.6639289001899997,10
476,526,256000,10,10,5,65.68879304104486,774.4894529981539,1.0,5,5,4.05709334509,5
477,527,256000,10,50,5,21.989148020977158,152.10219787200913,1.0,5,5,3.88374378546,1
478,529,256000,50,10,5,141.71885898010802,2617.527754624141,1.0,5,5,9.18620067917,9
479,53,32000,50,50,0,3.9141221509780735,17.903436859138306,1.0,5,5,10.7776069369,10
480,530,256000,50,50,5,59.78113927296363,657.3009380940347,1.0,5,5,9.82414776861,10
481,533,512000,2,50,5,40.682938589015976,5.5569170711096385,0.256497778205,5,5,0.0190046666546,4
482,535,512000,10,10,5,244.51461493200625,3620.6185751629528,1.0,5,5,3.97465960581,4
483,536,512000,10,50,5,73.40990855684504,533.5916243719403,0.999412176927,5,5,3.0004846610199998,10
484,539,512000,50,50,5,192.76236519287343,2496.5708799511194,1.0,5,5,9.801517689119999,1
485,54,64000,2,2,0,1.951510571874678,0.5462552059907466,3.41233453908e-05,5,5,0.00625725744958,1
486,540,1000,2,2,6,0.018029958941042427,0.01639147684909403,1.0,5,5,2.7703058645599996,6
487,541,1000,2,10,6,0.016263886122033,0.00821596896275878,0.995045513899,5,5,1.5682877159399997,9
488,542,1000,2,50,6,0.01773594599217176,0.006641943007707596,0.910687026652,5,5,1.20104408087,10
489,543,1000,10,2,6,0.03640846791677177,0.03561957203783095,1.0,5,5,3.87731093197,1
490,544,1000,10,10,6,0.019996254006400704,0.020447846967726942,1.0,5,5,4.48790069359,1
491,545,1000,10,50,6,0.05546720186248422,0.022696990054100752,1.0,5,5,6.0126843149900004,7
492,546,1000,50,2,6,0.11110447184182703,0.12734806397929788,1.0,5,5,9.8388575357,4
493,547,1000,50,10,6,0.05071829305961728,0.09169559786096217,1.0,5,5,10.152936499800001,7
494,548,1000,50,50,6,0.19520908407866955,0.12751289294101298,1.0,5,5,11.1167169891,8
495,549,2000,2,2,6,0.03561845002695918,0.06367002404294908,1.0,5,5,1.91914653882,1
496,55,64000,2,10,0,1.53168084891513,10.345499533927068,0.9991378571520001,5,5,0.910388370597,1
497,550,2000,2,10,6,0.03268592013046145,0.016714041819795966,0.987138273529,5,5,0.8898985604709999,10
498,551,2000,2,50,6,0.036379305878654115,0.014108123956248162,0.834452811724,5,5,0.730091815483,3
499,552,2000,10,2,6,0.09398426907137036,0.1563603358808905,1.0,5,5,4.46530546137,1
500,553,2000,10,10,6,0.042977940989658237,0.06466719415038824,1.0,5,5,4.821892951530001,9
501,554,2000,10,50,6,0.11897777300328015,0.05759113002568484,1.0,5,5,5.3020131065900005,10
502,555,2000,50,2,6,0.4163970281369984,0.5031772051006556,1.0,5,5,9.80153149637,10
503,556,2000,50,10,6,0.1437990148551762,0.22592794499360025,1.0,5,5,10.2081137025,10
504,557,2000,50,50,6,0.4966696810442954,0.3072932830546051,1.0,5,5,10.5532947826,7
505,558,4000,2,2,6,0.07589960098266603,0.2381879580207169,1.0,5,5,1.71840105301,2
506,559,4000,2,10,6,0.0669834150467068,0.033954271115362644,0.8808282269580001,5,5,0.49096850314999996,10
507,56,64000,2,50,0,1.8570196200162168,15.48520957189612,0.0,5,5,1.7519591361700002,8
508,560,4000,2,50,6,0.07559795817360282,0.023914152989163998,0.292960821065,5,5,0.267768544791,5
509,561,4000,10,2,6,0.306295424932614,0.6200790621805936,1.0,5,5,3.9937974765300006,1
510,562,4000,10,10,6,0.09602921293117106,0.20097554801031947,1.0,5,5,4.6558789770999995,10
511,563,4000,10,50,6,0.17277843900956213,0.13469662703573704,1.0,5,5,4.82265841302,10
512,564,4000,50,2,6,1.6753716429229826,1.9464125200174751,1.0,5,5,9.019801458949999,6
513,565,4000,50,10,6,0.26918666693381965,0.7959091460797936,1.0,5,5,9.87987803975,10
514,566,4000,50,50,6,1.416424389928579,0.9564438289962708,1.0,5,5,10.795863880999999,10
515,567,8000,2,2,6,0.1666345470584929,0.8575036749243736,1.0,5,5,1.58118500377,4
516,568,8000,2,10,6,0.15991663909517229,0.3381637060083449,1.0,5,5,1.6740396926899999,4
517,569,8000,2,50,6,0.16120488080196085,0.08999957609921694,0.976951646691,5,5,0.6702353147779999,10
518,57,64000,10,2,0,22.4666480650194,198.446702365065,1.0,5,5,3.77172760945,6
519,570,8000,10,2,6,0.9676992800086736,2.3901029760017987,1.0,5,5,3.53529377229,4
520,571,8000,10,10,6,0.25162311899475753,0.7444987769704312,1.0,5,5,4.90890690508,1
521,572,8000,10,50,6,0.3288152730092406,0.4424401381984353,1.0,5,5,5.07413837112,10
522,573,8000,50,2,6,5.960876388009638,8.010352241108194,1.0,5,5,9.38773537572,5
523,574,8000,50,10,6,0.7597324319649488,2.790871907956898,1.0,5,5,9.93369438797,1
524,575,8000,50,50,6,2.1133938799612224,2.257453564088792,1.0,5,5,10.8094826643,10
525,576,16000,2,2,6,0.3629402699880302,0.25972855906002223,0.60536452905,5,5,0.205394580853,1
526,577,16000,2,10,6,0.3246498480439186,0.36513525806367403,0.996256890008,5,5,0.564610901492,6
527,578,16000,2,50,6,0.3714115018956363,0.260581887094304,0.969298622676,5,5,0.636252607635,7
528,579,16000,10,2,6,3.7565427580848336,10.503282995894553,1.0,5,5,3.64278379775,5
529,58,64000,10,10,0,4.969134273938835,38.28333792299964,1.0,5,5,3.8250785136300003,7
530,580,16000,10,10,6,0.8093831208534539,2.691826094873249,1.0,5,5,3.9456448980500003,3
531,581,16000,10,50,6,0.6861694559920579,1.1852890178561208,1.0,5,5,4.44506946782,6
532,582,16000,50,2,6,23.415133876027543,33.21861046482809,1.0,5,5,9.27656445881,3
533,583,16000,50,10,6,2.005669562146068,8.548620681045577,1.0,5,5,9.97430789914,1
534,584,16000,50,50,6,2.581849568989128,6.513822798850014,1.0,5,5,10.6779887361,8
535,585,32000,2,2,6,0.7580877961590886,18.62305273418315,1.0,5,5,1.4891326670200002,3
536,586,32000,2,10,6,0.7248805218841881,0.4352748938836157,0.941454130052,5,5,0.213086218428,10
537,587,32000,2,50,6,0.7783885700628161,0.2331032759975642,0.287491637942,5,5,0.0850202581264,5
538,588,32000,10,2,6,5.5123017251025885,50.56235175696202,1.0,5,5,3.9978328668199996,9
539,589,32000,10,10,6,1.5624746510293337,10.716892370954156,1.0,5,5,4.26440593673,2
540,59,64000,10,50,0,2.761887175962329,12.342784489039333,1.0,5,5,4.41056804958,1
541,590,32000,10,50,6,1.1808316139504311,3.773281438043341,1.0,5,5,4.70332687421,8
542,591,32000,50,2,6,79.76417839503847,137.57215042598546,1.0,5,5,9.26813541138,8
543,592,32000,50,10,6,45.27740406896918,30.137987761059776,1.0,5,5,9.5850332892,5
544,593,32000,50,50,6,4.471857415046543,17.58027066686191,1.0,5,5,9.57837454305,2
545,594,64000,2,2,6,1.7149237641133368,46.284836883889504,1.0,5,5,0.9966556045880001,8
546,595,64000,2,10,6,1.7831050669774413,0.5282222810201347,6.75962270618e-06,5,5,0.00569381715245,1
547,596,64000,2,50,6,1.82725177006796,0.5300330731552094,1.62976248614e-06,5,5,0.00471290953615,1
548,597,64000,10,2,6,24.7415663478896,164.64784479793158,1.0,5,5,3.3048114608200003,3
549,598,64000,10,10,6,4.887934903148562,42.186649133916944,1.0,5,5,4.2272647470399995,10
550,599,64000,10,50,6,2.864249825011939,10.594076793873683,0.999601207341,5,5,3.53816433418,1
551,6,1000,50,2,0,0.10824310593307017,0.13578533800318834,1.0,5,5,10.0044601756,1
552,60,64000,50,2,0,318.5821357779205,613.1966295989696,1.0,5,5,9.562850236160001,10
553,600,64000,50,2,6,323.187208954012,561.0846486189403,1.0,5,5,8.950958304510001,2
554,601,64000,50,10,6,10.907844759989528,125.84477557009086,1.0,5,5,9.41260143637,6
555,602,64000,50,50,6,7.83656026306562,50.495651555946104,1.0,5,5,10.1038197994,1
556,603,128000,2,2,6,4.711042457958683,221.15891629690304,0.00016996785589,5,5,1.0593403271,2
557,604,128000,2,10,6,4.191222545923665,3.2620069708209485,0.17849079464099998,5,5,0.17124722372200002,1
558,605,128000,2,50,6,4.6028573389630765,1.2152088989969343,0.165368947919,5,5,0.062399103016999996,10
559,606,128000,10,2,6,85.7691734950058,705.7190500360448,1.0,5,5,3.36947526489,10
560,607,128000,10,10,6,16.900468496140093,178.67981774313373,1.0,5,5,4.16580523923,5
561,608,128000,10,50,6,6.970469289924949,38.669837141176686,1.0,5,5,4.1157421335699995,6
562,609,128000,50,2,6,1267.3334974700122,3073.0969070028514,1.0,5,5,9.24230452753,10
563,61,64000,50,10,0,10.958255483070388,128.19284498901106,1.0,5,5,9.6371584964,6
564,610,128000,50,10,6,39.36190986004658,613.963528328808,1.0,5,5,9.549531329810002,6
565,611,128000,50,50,6,21.189856082201004,193.09481001808308,1.0,5,5,10.0054897429,10
566,612,256000,2,2,6,13.015816201921554,2.4890682050026958,0.199318075145,5,5,0.00997103127481,7
567,613,256000,2,10,6,12.441683034878226,2.1093237490858883,0.00312273362208,5,5,0.00295583682455,3
568,614,256000,2,50,6,12.788777254056187,2.5811321139335632,0.266576955906,5,5,0.0262179751021,4
569,615,256000,10,2,6,290.42377027706243,3113.2780583899007,1.0,5,5,3.4053228684599994,2
570,616,256000,10,10,6,62.694234939990565,773.4042527859566,1.0,5,5,4.08931570159,4
571,617,256000,10,50,6,21.520882710115988,158.2891273300629,1.0,5,5,4.12621424405,9
572,619,256000,50,10,6,140.95407324098048,2609.065464257961,1.0,5,5,9.32770398083,1
573,62,64000,50,50,0,8.994375287089499,52.797997022047646,1.0,5,5,10.0005657992,10
574,620,256000,50,50,6,61.85936443600804,771.0254035391846,1.0,5,5,9.633633120139999,1
575,623,512000,2,50,6,40.06544470204972,5.543442045804113,1.01506197089e-06,5,5,0.00348964536042,1
576,625,512000,10,10,6,243.95854993094693,4057.380097405985,1.0,5,5,4.022371619049999,1
577,626,512000,10,50,6,75.59952779603191,608.6349930160213,0.999966118614,5,5,3.42430707177,1
578,629,512000,50,50,6,195.35649590310643,2464.8040897150063,1.0,5,5,9.480608818099999,2
579,63,128000,2,2,0,4.742289681918919,0.9540276359766722,0.00037236129292400003,5,5,0.0034136529648200005,5
580,630,1000,2,2,7,0.01894221594557166,0.014803585829213263,1.0,5,5,1.43558768046,10
581,631,1000,2,10,7,0.01687714597210288,0.006496103946119547,0.918821420763,5,5,0.8485074179090001,10
582,632,1000,2,50,7,0.018774254014715552,0.006509108003228903,0.9778696195569999,5,5,1.26345195378,6
583,633,1000,10,2,7,0.037184808868914836,0.03711616806685925,1.0,5,5,4.16444089198,8
584,634,1000,10,10,7,0.016247467836365104,0.018074159976094958,1.0,5,5,4.867130137119999,4
585,635,1000,10,50,7,0.05541209713555872,0.028045847080647945,1.0,5,5,7.424292439839999,4
586,636,1000,50,2,7,0.11286028497852385,0.12298453389666975,1.0,5,5,8.96325769709,10
587,637,1000,50,10,7,0.06789538520388305,0.0841374599840492,1.0,5,5,10.4639773524,10
588,638,1000,50,50,7,0.1661664021667093,0.12105467892251907,1.0,5,5,11.2824226548,2
589,639,2000,2,2,7,0.035932563012465835,0.05530862999148667,1.0,5,5,1.56522483125,10
590,64,128000,2,10,0,4.600933260982856,1.1174316259566694,4.4729326483300005e-06,5,5,0.00460634348086,1
591,640,2000,2,10,7,0.03333739680238068,0.015169247053563597,0.961171468584,5,5,0.613260727066,8
592,641,2000,2,50,7,0.035369617864489555,0.010616485029459,0.42969789611299997,5,5,0.389575323024,5
593,642,2000,10,2,7,0.11418842105194925,0.1426862447988242,1.0,5,5,3.85287108749,10
594,643,2000,10,10,7,0.04130989988334477,0.05842873197980225,1.0,5,5,4.32479422618,8
595,644,2000,10,50,7,0.1183941881172359,0.05462698196060956,1.0,5,5,4.82044334209,7
596,645,2000,50,2,7,0.4098599459975958,0.5055761837866157,1.0,5,5,9.75900203522,10
597,646,2000,50,10,7,0.17698440700769424,0.2671889720950276,1.0,5,5,10.3884032937,1
598,647,2000,50,50,7,0.6037289099767804,0.32141880108974874,1.0,5,5,10.3068068446,2
599,648,4000,2,2,7,0.07606345904059708,0.17433450417593122,1.0,5,5,1.3576014684200002,9
600,649,4000,2,10,7,0.07289046701043844,0.05197612103074789,0.98563069323,5,5,0.748238878679,10
601,65,128000,2,50,0,4.785194970900194,0.9475369099527596,0.0036758990558299997,5,5,0.00202667712878,2
602,650,4000,2,50,7,0.07676907815039158,0.038073463132604964,0.918673950392,5,5,0.8263234904790001,7
603,651,4000,10,2,7,0.3202176110353321,0.5806641839444637,1.0,5,5,3.6609388680699997,6
604,652,4000,10,10,7,0.10662771901115776,0.2259720931760967,1.0,5,5,4.66435377681,3
605,653,4000,10,50,7,0.20344169484451413,0.14128559082746506,1.0,5,5,4.54171101509,7
606,654,4000,50,2,7,1.581755992025137,1.9585252138786016,1.0,5,5,9.05515198162,10
607,655,4000,50,10,7,0.5735187320969999,0.7806434629019351,1.0,5,5,10.3042633066,10
608,656,4000,50,50,7,1.5764591600745916,0.7927788379602134,1.0,5,5,10.194573142000001,6
609,657,8000,2,2,7,0.16664414783008394,0.5547036489006132,0.0,5,5,1.00668388625,3
610,658,8000,2,10,7,0.15367595804855227,0.380359715083614,1.0,5,5,1.57010212527,9
611,659,8000,2,50,7,0.1662316529545933,0.04438072117045522,5.19233249185e-06,5,5,0.008532096626319999,1
612,66,128000,10,2,0,74.20160381216557,874.1152239041403,1.0,5,5,3.8596726940900004,8
613,660,8000,10,2,7,0.8001459420192987,2.4530696528963745,1.0,5,5,3.6551870858899997,10
614,661,8000,10,10,7,0.24837386002764106,0.6723687381017953,1.0,5,5,4.01036518431,6
615,662,8000,10,50,7,0.3183241109363735,0.4209714888129383,1.0,5,5,5.376888168280001,10
616,663,8000,50,2,7,6.234113743994385,8.205779050011188,1.0,5,5,9.659967833200001,10
617,664,8000,50,10,7,0.6209045371506363,2.3997780699282885,1.0,5,5,10.3428721342,1
618,665,8000,50,50,7,3.0011135388631374,2.0487949189264327,1.0,5,5,10.123001546900001,1
619,666,16000,2,2,7,0.3985948029439896,0.10013925493694842,4.860291245119999e-06,5,5,0.0022286950977199998,1
620,667,16000,2,10,7,0.3470847271382809,1.0594505059998482,1.0,5,5,1.2793464724299999,5
621,668,16000,2,50,7,0.3549034169409424,0.11116543808020653,0.300507911312,5,5,0.12230740683,5
622,669,16000,10,2,7,3.419623717898503,11.382804591907187,1.0,5,5,3.9038330690499996,10
623,67,128000,10,10,0,17.447947965934873,202.5340057080612,1.0,5,5,4.5554733444,1
624,670,16000,10,10,7,0.7367767060641199,2.587027507135645,1.0,5,5,4.38193662435,3
625,671,16000,10,50,7,0.7262029638513923,1.1711608811747285,1.0,5,5,4.36506535566,10
626,672,16000,50,2,7,24.146758029935878,34.83787841605954,1.0,5,5,9.838484147010002,1
627,673,16000,50,10,7,2.1331399502232666,9.141604803036898,1.0,5,5,9.655233911789999,9
628,674,16000,50,50,7,2.3605933859944344,6.030137800145893,1.0,5,5,10.3740431482,6
629,675,32000,2,2,7,0.7496062081772834,4.573006167076528,0.999875003879,5,5,0.613757781022,5
630,676,32000,2,10,7,0.7438204989302903,0.5921963988803327,0.277246396358,5,5,0.304903032628,9
631,677,32000,2,50,7,0.741293883882463,0.7011154908686876,0.965837777745,5,5,0.5301233501829999,8
632,678,32000,10,2,7,6.1893438431434324,48.72034919308497,1.0,5,5,3.8939895209099995,1
633,679,32000,10,10,7,1.5074414138216523,9.402172812027855,1.0,5,5,4.00989685714,8
634,68,128000,10,50,0,7.027466166997327,39.68038217490539,1.0,5,5,4.04220469093,8
635,680,32000,10,50,7,1.1420295780990273,3.529413470067084,1.0,5,5,4.59844763884,6
636,681,32000,50,2,7,81.50280616804956,135.4373808039818,1.0,5,5,9.102784882369999,8
637,682,32000,50,10,7,3.5919054001569752,32.71618861588649,1.0,5,5,9.78001762026,1
638,683,32000,50,50,7,4.000995725160465,18.668930438114327,1.0,5,5,10.1481095227,10
639,684,64000,2,2,7,1.6438186629675329,34.63765981909819,1.0,5,5,0.840237482441,9
640,685,64000,2,10,7,1.5053699968848375,1.3749037750530988,0.716062915364,5,5,0.211008894451,1
641,686,64000,2,50,7,1.8727959028910848,0.4594647639896721,0.00735400062337,5,5,0.028375407463,6
642,687,64000,10,2,7,22.12648092000745,245.8554305657744,1.0,5,5,4.359780429680001,5
643,688,64000,10,10,7,4.907449319958686,39.33932986087166,1.0,5,5,3.8978077847099994,1
644,689,64000,10,50,7,2.7340904709417373,12.185015727998689,1.0,5,5,4.6453617649300005,5
645,69,128000,50,2,0,1231.8957924859133,3099.3983921599574,1.0,5,5,9.24364775075,10
646,690,64000,50,2,7,315.5271797159221,591.272420512978,1.0,5,5,9.2079015261,1
647,691,64000,50,10,7,11.719995508901775,130.6657243478112,1.0,5,5,10.0328863316,1
648,692,64000,50,50,7,8.086034815059975,51.88045080797747,1.0,5,5,10.1416421354,10
649,693,128000,2,2,7,4.899741004919632,179.97546611679718,0.000184115248097,5,5,0.941191715824,6
650,694,128000,2,10,7,4.4346684648189685,89.78495362494141,0.09703015262749999,5,5,1.37620044866,9
651,695,128000,2,50,7,4.6801854979712525,0.9758257931098342,0.000129294178031,5,5,0.00982415491322,5
652,696,128000,10,2,7,83.02189342095517,923.6263082921504,1.0,5,5,4.00275220079,3
653,697,128000,10,10,7,17.4122406328097,195.9929800881073,1.0,5,5,4.50505168942,2
654,698,128000,10,50,7,7.1592961840797225,45.178532877936966,1.0,5,5,4.74281734567,10
655,7,1000,50,10,0,0.059669760055840015,0.07765889586880803,1.0,5,5,9.9206517001,3
656,70,128000,50,10,0,37.57401752495207,591.1499646501616,1.0,5,5,9.51391989159,1
657,700,128000,50,10,7,38.410096490057185,608.2003927459009,1.0,5,5,9.68111608304,10
658,701,128000,50,50,7,21.121433708816767,178.8561323340982,1.0,5,5,9.73929796937,10
659,702,256000,2,2,7,13.075574717018752,1879.4902481171305,8.789286450799998e-05,5,5,1.57879398363,10
660,703,256000,2,10,7,10.555280379951,30.471536055905748,0.45632524022200005,5,5,0.333749800196,6
661,704,256000,2,50,7,12.546823024051266,2.554420616943389,2.3762581536e-06,5,5,0.00538726660835,1
662,705,256000,10,2,7,296.6186160461512,3556.745429732837,1.0,5,5,3.6853163537099998,3
663,706,256000,10,10,7,64.56528632808478,699.4090632330626,1.0,5,5,3.8293760234300005,1
664,707,256000,10,50,7,21.059405280975625,153.95329411001876,1.0,5,5,4.04340216733,10
665,709,256000,50,10,7,141.4437292711809,2668.406676901039,1.0,5,5,9.52927722782,10
666,71,128000,50,50,0,20.4512958410196,187.7101009928156,1.0,5,5,9.98866400568,10
667,710,256000,50,50,7,60.431142935995005,731.0186855781357,1.0,5,5,9.55093121799,2
668,712,512000,2,10,7,34.91212417907081,14.113647553836927,0.26118429183499997,5,5,0.08988954477469999,10
669,713,512000,2,50,7,40.63022582908161,5.557551466161384,1.57615276671e-06,5,5,0.0043451242192600005,1
670,715,512000,10,10,7,246.9453083979897,3068.204165349016,1.0,5,5,3.5396409053099998,8
671,716,512000,10,50,7,72.46841666614637,756.6784624219873,0.999998007015,5,5,3.84607319319,1
672,719,512000,50,50,7,189.44491810607724,2598.4417456800584,1.0,5,5,9.94935834875,10
673,720,1000,2,2,8,0.018143147928640246,0.01555919786915183,1.0,5,5,1.94057492882,10
674,721,1000,2,10,8,0.0161810559220612,0.006516464054584503,0.981775265752,5,5,0.968816927533,6
675,722,1000,2,50,8,0.018690621014684442,0.004873562837019564,0.380977842246,5,5,0.43502880592200005,4
676,723,1000,10,2,8,0.034694459987804294,0.03668727213516832,1.0,5,5,4.05929111502,1
677,724,1000,10,10,8,0.024528414942324158,0.02436574199236929,1.0,5,5,4.250421822230001,9
678,725,1000,10,50,8,0.05173484398983419,0.020556963980197903,1.0,5,5,5.12795223671,5
679,726,1000,50,2,8,0.11053190706297757,0.12671190500259402,1.0,5,5,9.63345864405,1
680,727,1000,50,10,8,0.040523592848330736,0.07437195512466133,1.0,5,5,10.5051140239,10
681,728,1000,50,50,8,0.17995461192913353,0.11334840091876686,1.0,5,5,10.960141524700001,4
682,729,2000,2,2,8,0.036834787810221314,0.05270052305422723,1.0,5,5,1.4232149545299997,2
683,73,256000,2,10,0,12.603624765994027,2.6592838000506163,4.52494420539e-06,5,5,0.0042773748371200005,1
684,730,2000,2,10,8,0.03525661304593086,0.045247060945257545,1.0,5,5,2.19585280612,3
685,731,2000,2,50,8,0.035231305984780185,0.02052286081016064,0.987453364956,5,5,1.68070970021,1
686,732,2000,10,2,8,0.08733528200536966,0.14977584197185936,1.0,5,5,4.0848900521900005,8
687,733,2000,10,10,8,0.04742257599718869,0.0714586628600955,1.0,5,5,4.55761581289,1
688,734,2000,10,50,8,0.13177480804733932,0.06292121508158742,1.0,5,5,5.49954587576,10
689,735,2000,50,2,8,0.4187876880168915,0.5189313788432628,1.0,5,5,9.9299267839,10
690,736,2000,50,10,8,0.10360111179761587,0.2561964159831405,1.0,5,5,10.223303147200001,1
691,737,2000,50,50,8,0.6016549479681998,0.31641931599006057,1.0,5,5,10.4480563483,9
692,738,4000,2,2,8,0.07495860918425024,0.11998532293364406,1.0,5,5,0.941328683636,7
693,739,4000,2,10,8,0.07195681100711226,0.03643529396504164,0.9735447696359999,5,5,0.5632477479860001,8
694,74,256000,2,50,0,12.795840620063245,2.6206736678723246,1.16124754647e-06,5,5,0.0038573752352,1
695,740,4000,2,50,8,0.07590701198205352,0.0427040399517864,0.837825182817,5,5,1.01885924934,10
696,741,4000,10,2,8,0.21958642289973795,0.5894914651289582,1.0,5,5,3.7015655742400004,9
697,742,4000,10,10,8,0.12692713318392634,0.18108498794026676,1.0,5,5,4.58081604991,10
698,743,4000,10,50,8,0.20504550100304186,0.15574301197193566,1.0,5,5,5.0636573087,8
699,744,4000,50,2,8,1.6211210621986538,1.9543647468090055,1.0,5,5,9.017803225989999,8
700,745,4000,50,10,8,0.2590480239596218,0.7769409061875194,1.0,5,5,10.085323284400001,10
701,746,4000,50,50,8,1.300133788958192,0.8903349840547891,1.0,5,5,10.7060775426,3
702,747,8000,2,2,8,0.16622239188291132,0.90683845593594,0.0,5,5,1.38435830747,3
703,748,8000,2,10,8,0.15154112991876903,0.11108314199373126,0.984108086868,5,5,0.5694722173569999,10
704,749,8000,2,50,8,0.16520130983553827,0.048036560881882906,0.33783881599,5,5,0.148384562651,4
705,75,256000,10,2,0,269.89360094908625,3472.1893224280793,1.0,5,5,3.64343653869,1
706,750,8000,10,2,8,0.7965861610136926,2.598181579029188,1.0,5,5,3.87429239547,8
707,751,8000,10,10,8,0.2546359000261873,0.6576583280693741,1.0,5,5,3.88055855986,6
708,752,8000,10,50,8,0.2950907931663096,0.3884668010286987,1.0,5,5,4.65557281236,9
709,753,8000,50,2,8,6.035020367009566,8.00208591320552,1.0,5,5,9.372242321629999,1
710,754,8000,50,10,8,0.6058467191178352,2.1996226680930704,1.0,5,5,9.44269858909,3
711,755,8000,50,50,8,3.0867232410237198,2.4217570230830456,1.0,5,5,10.6666797669,9
712,756,16000,2,2,8,0.3578576231375337,3.194524287013337,1.0,5,5,1.27479069053,9
713,757,16000,2,10,8,0.3240895529743284,0.21947422809898853,0.985311706731,5,5,0.379503044483,3
714,758,16000,2,50,8,0.3564138310030103,0.10868463502265513,0.284274260735,5,5,0.121330497547,5
715,759,16000,10,2,8,2.613983755931258,11.19560806406662,1.0,5,5,3.8722158228300003,5
716,76,256000,10,10,0,63.5216815660242,674.6427484520245,1.0,5,5,3.6945433253699993,9
717,760,16000,10,10,8,0.7576579351443797,2.5768089189659804,1.0,5,5,4.1220977578,2
718,761,16000,10,50,8,0.6722242399118841,1.355905886972323,1.0,5,5,5.06995899852,1
719,762,16000,50,2,8,24.215263305930424,34.429138930048794,1.0,5,5,9.64405945366,10
720,763,16000,50,10,8,2.2140995759982616,9.20988701400347,1.0,5,5,10.0497338854,6
721,764,16000,50,50,8,2.3669099460821603,5.819154405966401,1.0,5,5,10.360723698400001,1
722,765,32000,2,2,8,0.7572054900228977,14.089679925935345,1.0,5,5,1.23038381537,5
723,766,32000,2,10,8,0.7222116719931364,1.988492829957977,0.999511455257,5,5,0.7716082798459999,10
724,767,32000,2,50,8,0.7741688259411603,0.2335491960402578,0.25982225954,5,5,0.0758031993525,4
725,768,32000,10,2,8,8.316265853820369,51.38688876503147,1.0,5,5,4.051386512280001,1
726,769,32000,10,10,8,1.5605436419136822,9.145382076036183,1.0,5,5,3.63182888876,1
727,77,256000,10,50,0,21.672033214010302,110.09294973197392,0.996838557699,5,5,2.8332394482,10
728,770,32000,10,50,8,1.2248409169260412,3.9453188742045313,1.0,5,5,4.58789741459,3
729,771,32000,50,2,8,81.62814839207567,137.6151833140757,1.0,5,5,9.27587293543,10
730,772,32000,50,10,8,3.7995079960674047,32.92934228410013,1.0,5,5,9.67954588003,1
731,773,32000,50,50,8,4.257361142896117,18.60870431805961,1.0,5,5,10.3119172437,1
732,774,64000,2,2,8,1.9441876921337096,48.94036228116602,0.612082355033,5,5,1.03424160618,3
733,775,64000,2,10,8,1.5710086140315982,3.7036541150882836,0.9982159157230001,5,5,0.49936677500200005,10
734,776,64000,2,50,8,1.819185379892588,0.4233532359357923,0.00524223773152,5,5,0.0036625484573499997,2
735,777,64000,10,2,8,21.005273120012134,199.89624371100217,1.0,5,5,3.78394207459,10
736,778,64000,10,10,8,4.9266135750804105,42.26708281598985,1.0,5,5,4.204254601630001,6
737,779,64000,10,50,8,2.5345905569847678,10.76426060590893,0.9999362215809999,5,5,3.9296143638300003,1
738,780,64000,50,2,8,322.92977792699816,564.6990204460452,1.0,5,5,9.030671900989999,10
739,781,64000,50,10,8,11.604048972018065,129.1113014239818,1.0,5,5,9.29451939332,5
740,782,64000,50,50,8,8.966417100979015,54.58814058592542,1.0,5,5,10.2945790213,3
741,783,128000,2,2,8,4.717734993901104,213.79037495399825,0.00017709980098900004,5,5,1.0348311086,8
742,784,128000,2,10,8,4.322539051994681,8.094494618941097,0.28831550692200003,5,5,0.346855030457,4
743,785,128000,2,50,8,3.7206192549783736,2.9340562580619007,0.791838493757,5,5,0.217153810936,9
744,786,128000,10,2,8,77.41688669798894,928.3986860010773,1.0,5,5,3.91948435988,1
745,787,128000,10,10,8,17.789793090894822,197.2877690368332,1.0,5,5,4.267875309630001,8
746,788,128000,10,50,8,7.0065658311359575,46.193513869075105,1.0,5,5,5.03908170489,10
747,789,128000,50,2,8,1276.3236431879925,2967.145489457995,1.0,5,5,9.198964302839999,1
748,79,256000,50,10,0,137.53924833913334,2498.674818757921,1.0,5,5,9.14925298668,8
749,790,128000,50,10,8,40.39224984799512,598.3463368918748,1.0,5,5,9.510356031010001,10
750,791,128000,50,50,8,19.885476865107197,185.30459063011227,1.0,5,5,10.059248972,1
751,792,256000,2,2,8,13.208779839798806,1136.600927854888,9.035174551e-05,5,5,1.13251493265,7
752,793,256000,2,10,8,12.08736346103251,174.3394475087989,0.0929841900354,5,5,0.8177483523129999,3
753,794,256000,2,50,8,13.485989649081604,2.5046413480304177,2.51826741152e-06,5,5,0.005269726963629999,1
754,795,256000,10,2,8,286.64694524393417,3372.9903626178857,1.0,5,5,3.5796437236000003,3
755,796,256000,10,10,8,64.985507667996,699.4815035590436,1.0,5,5,3.80149436872,8
756,797,256000,10,50,8,20.94579543708824,177.6392039528582,1.0,5,5,4.507963951630001,5
757,799,256000,50,10,8,143.00930298306048,2614.888366768137,1.0,5,5,9.280492588080001,10
758,8,1000,50,50,0,0.18042010185308754,0.13155089202336967,1.0,5,5,12.0728064495,6
759,80,256000,50,50,0,61.15970935602672,667.6186001410242,1.0,5,5,9.40933699476,1
760,800,256000,50,50,8,55.569687467068434,638.4736408900935,1.0,5,5,9.74426451701,8
761,802,512000,2,10,8,36.68176409997977,274.33296350203454,0.09101511439719999,5,5,0.5035207915950001,10
762,803,512000,2,50,8,40.643899640068405,5.66813790705055,4.79753567316e-06,5,5,0.00693649553101,1
763,805,512000,10,10,8,246.96376136085016,3483.3039919668813,1.0,5,5,3.88143962704,6
764,806,512000,10,50,8,73.5251710950397,798.2761345528997,1.0,5,5,4.56483374455,10
765,809,512000,50,50,8,190.02671243413354,2508.8116093769204,1.0,5,5,9.67414665856,9
766,810,1000,2,2,9,0.017116635106503963,0.01411598105914891,1.0,5,5,1.50483805027,6
767,811,1000,2,10,9,0.01623005187138915,0.007375020068138838,0.997975997179,5,5,1.2296132769900001,1
768,812,1000,2,50,9,0.01811535400338471,0.005904911085963249,0.8990408117640001,5,5,0.954824440597,7
769,813,1000,10,2,9,0.037575590191408985,0.03673205012455583,1.0,5,5,4.13270696852,1
770,814,1000,10,10,9,0.01983893988654017,0.019862374989315867,1.0,5,5,4.44708275444,8
771,815,1000,10,50,9,0.046803948003798716,0.0247705620713532,1.0,5,5,6.32007658471,3
772,816,1000,50,2,9,0.11305386503227055,0.12708038790151474,1.0,5,5,9.88762398416,1
773,817,1000,50,10,9,0.06949409493245184,0.0762098771519959,1.0,5,5,10.882842973599999,1
774,818,1000,50,50,9,0.20425277878530326,0.1432344971690327,1.0,5,5,12.076165061400001,1
775,819,2000,2,2,9,0.035439963918179274,0.058226792141795165,1.0,5,5,1.68220318114,8
776,82,512000,2,10,0,39.80177089013159,5.516626495867968,0.254538604699,5,5,0.011428560355499998,4
777,820,2000,2,10,9,0.03141373884864152,0.014564776094630359,0.9352684955439999,5,5,0.683947470367,10
778,821,2000,2,50,9,0.03851378289982677,0.009506943169981241,1.70426105363e-05,5,5,0.010891529419700001,1
779,822,2000,10,2,9,0.11833881889469923,0.1510915020480752,1.0,5,5,4.22546518292,1
780,823,2000,10,10,9,0.038189362967386835,0.05782954301685095,1.0,5,5,4.40971981587,6
781,824,2000,10,50,9,0.12776063801720738,0.0572669159155339,0.99234098547,5,5,4.13869697613,1
782,825,2000,50,2,9,0.3958994741551578,0.4987790221348405,1.0,5,5,9.511834625710001,3
783,826,2000,50,10,9,0.10265266802161932,0.2587777611333877,1.0,5,5,10.2564901041,1
784,827,2000,50,50,9,0.6096212440170348,0.3110464829951525,1.0,5,5,10.1107189394,9
785,828,4000,2,2,9,0.07682626903988421,0.1621015639975667,1.0,5,5,1.2162888025399998,4
786,829,4000,2,10,9,0.06986261787824333,0.0356082059442997,0.961809186259,5,5,0.525569241836,8
787,83,512000,2,50,0,40.39859789190814,5.897950153099372,1.9378644562e-06,5,5,0.00468473576511,1
788,830,4000,2,50,9,0.0725205191411078,0.030957947950810194,0.473309208136,5,5,0.555659273526,5
789,831,4000,10,2,9,0.3819625489413738,0.6223113031592221,1.0,5,5,4.03347842245,10
790,832,4000,10,10,9,0.09381820284761487,0.19412675220519304,1.0,5,5,4.49803115737,10
791,833,4000,10,50,9,0.20042258314788344,0.17300309799611568,1.0,5,5,5.60015916414,3
792,834,4000,50,2,9,1.5670894528739154,2.0134735829196866,1.0,5,5,9.61667941605,1
793,835,4000,50,10,9,0.21536349481903014,0.7006685328669846,1.0,5,5,9.651901962130001,1
794,836,4000,50,50,9,1.2836259249597788,0.8670041330624372,1.0,5,5,10.495327107,1
795,837,8000,2,2,9,0.16912468103691936,0.9635424169246108,1.0,5,5,1.71930054444,10
796,838,8000,2,10,9,0.15227482514455914,0.13911041500978172,0.9968685882549999,5,5,0.765500619722,8
797,839,8000,2,50,9,0.15609181579202416,0.08239685907028615,0.519478620787,5,5,0.63481134444,10
798,840,8000,10,2,9,0.8650721309240907,2.249825962120667,1.0,5,5,3.28690947144,1
799,841,8000,10,10,9,0.26118422485888004,0.7167513619642705,1.0,5,5,4.30779347118,1
800,842,8000,10,50,9,0.2985709719359875,0.4138621820602566,1.0,5,5,4.71035192344,3
801,843,8000,50,2,9,6.0304476709570745,7.896385458996519,1.0,5,5,9.04609875453,2
802,844,8000,50,10,9,0.6559317959472537,2.5247690728865564,1.0,5,5,9.74290390268,1
803,845,8000,50,50,9,1.3591401248704642,2.0960305391345173,1.0,5,5,10.8594408435,1
804,846,16000,2,2,9,0.3607087519485504,4.496717933798209,1.0,5,5,1.6607580038299998,10
805,847,16000,2,10,9,0.3255247459746897,0.17850160808302462,0.848835157075,5,5,0.275689273257,1
806,848,16000,2,50,9,0.3573965991381556,0.10592849017120898,0.33665881781199997,5,5,0.122967699049,5
807,849,16000,10,2,9,3.031631408026442,11.179208064218983,1.0,5,5,3.88180974546,6
808,85,512000,10,10,0,246.20980666088872,3488.5140858949158,1.0,5,5,3.86048914799,10
809,850,16000,10,10,9,0.764836975838989,2.5879661210346967,1.0,5,5,4.090998834790001,2
810,851,16000,10,50,9,0.7087890370748937,1.1496875260490924,0.999614784566,5,5,3.9091268055,10
811,852,16000,50,2,9,24.522251031128693,33.42484209500253,1.0,5,5,9.390435108110001,1
812,853,16000,50,10,9,2.1542837200686336,8.684485716978088,1.0,5,5,9.75570691382,1
813,854,16000,50,50,9,2.6035358388908207,6.416086629964411,1.0,5,5,10.3844638906,3
814,855,32000,2,2,9,0.7601970979012549,17.134404512122273,1.0,5,5,1.3943959258200003,10
815,856,32000,2,10,9,0.746298085199669,2.9224702869541943,0.999846080121,5,5,1.0103633711,10
816,857,32000,2,50,9,0.7876322069205344,0.2758219758979976,0.000302050591285,5,5,0.0635439878766,1
817,858,32000,10,2,9,6.516259239055216,43.35664407699368,1.0,5,5,3.56665300361,10
818,859,32000,10,10,9,1.628193853888661,10.475674527930096,1.0,5,5,4.18972946724,10
819,86,512000,10,50,0,73.93249860196373,787.3738704069983,1.0,5,5,4.41410449179,1
820,860,32000,10,50,9,1.2012319141067564,3.6048740539699793,1.0,5,5,4.375663908430001,1
821,861,32000,50,2,9,81.53345201699995,133.99961429298855,1.0,5,5,8.96491507454,6
822,862,32000,50,10,9,3.6590587759856135,32.08453543111682,1.0,5,5,10.114767365599999,1
823,863,32000,50,50,9,5.6257526280824095,16.166289916029196,1.0,5,5,10.117627861499999,4
824,864,64000,2,2,9,1.652950081974268,41.86527441302313,1.0,5,5,0.946807945799,8
825,865,64000,2,10,9,1.8955668269190935,0.5626605961006135,2.85259755044e-05,5,5,0.0109417212026,1
826,866,64000,2,50,9,1.787981680827215,0.5452579739503562,4.36380891736e-06,5,5,0.00773364437853,1
827,867,64000,10,2,9,22.58326619700529,177.8440964228939,1.0,5,5,3.48301439151,7
828,868,64000,10,10,9,4.711556280031799,35.48468386009335,1.0,5,5,3.57648218273,5
829,869,64000,10,50,9,2.7742937291041017,10.963898591930047,0.999952129521,5,5,3.8532962837,10
830,870,64000,50,2,9,315.4001883349847,590.648653301876,1.0,5,5,9.39259726487,1
831,871,64000,50,10,9,11.413758266950026,127.81765115703458,1.0,5,5,9.48845510027,4
832,872,64000,50,50,9,7.680666998028755,46.04654992790893,1.0,5,5,9.56759772014,9
833,873,128000,2,2,9,4.243611879181117,302.96778244781314,0.6085169753840001,5,5,1.2864530411,8
834,874,128000,2,10,9,4.1757691469974825,4.484898816095665,0.264589899199,5,5,0.234641402429,10
835,875,128000,2,50,9,4.532521233195438,1.1889500059187412,0.284534996085,5,5,0.0437279584271,5
836,876,128000,10,2,9,83.67720898310655,952.1229088928084,1.0,5,5,4.0888039482,9
837,877,128000,10,10,9,17.28616571892053,172.45717803412117,1.0,5,5,4.04119688831,2
838,878,128000,10,50,9,7.1511734288651505,41.88171932799741,1.0,5,5,4.11879369485,1
839,880,128000,50,10,9,38.246255662990734,586.7960049940739,1.0,5,5,9.349387281719999,5
840,881,128000,50,50,9,21.067548783961684,180.7453637341969,1.0,5,5,9.77606025583,1
841,882,256000,2,2,9,13.622660486958921,2.1880941968411207,0.0242987113773,5,5,0.0044152246132200005,5
842,883,256000,2,10,9,12.199837111169472,2.13840048504062,0.0306765854479,5,5,0.0029962173846199997,2
843,884,256000,2,50,9,12.742010539164767,2.5007640069816257,1.39482611925e-06,5,5,0.00420590441567,1
844,885,256000,10,2,9,285.0356319320854,4189.004264713265,1.0,5,5,4.0238426586000005,7
845,886,256000,10,10,9,65.78423076099715,652.8114573380443,1.0,5,5,3.6458472675,8
846,887,256000,10,50,9,21.33676007809117,115.38674721377902,0.998723580188,5,5,2.97922130309,7
847,889,256000,50,10,9,138.70990604604594,2713.5850458149803,1.0,5,5,9.72213427728,10
848,89,512000,50,50,0,197.6343840069603,2546.537659778027,1.0,5,5,9.76622863585,1
849,890,256000,50,50,9,58.58934400579892,639.8700531348586,1.0,5,5,9.66263207239,3
850,892,512000,2,10,9,38.823668231023476,5.593853149097413,0.22633763848700003,5,5,0.0106388000596,4
851,893,512000,2,50,9,40.54712465708144,5.501049536978827,8.10872892335e-07,5,5,0.00286684089379,1
852,895,512000,10,10,9,240.80185224488378,3744.021442750003,1.0,5,5,4.05666879862,1
853,896,512000,10,50,9,74.4486553480383,507.788129293127,0.999222447731,5,5,2.92244458134,1
854,899,512000,50,50,9,201.18376683699898,2520.881572254002,1.0,5,5,9.896612143230001,1
855,9,2000,2,2,0,0.036257250932976604,0.03607156383804977,1.0,5,5,1.00878707606,4
856,90,1000,2,2,1,0.01809237408451736,0.012234198860824108,1.0,5,5,1.2840151521799998,4
857,91,1000,2,10,1,0.016839449992403388,0.006052372045814991,0.8571890594239999,5,5,0.814834327556,10
858,92,1000,2,50,1,0.017985720885917544,0.005436360137537122,0.5835590408,5,5,0.638181482901,3
859,93,1000,10,2,1,0.03777022799476981,0.033256773138418794,1.0,5,5,3.3852190124400003,3
860,94,1000,10,10,1,0.01821981812827289,0.019998912001028657,1.0,5,5,5.39822873723,1
861,95,1000,10,50,1,0.05147110903635621,0.019997325027361512,1.0,5,5,5.227303968819999,4
862,96,1000,50,2,1,0.11138534802012147,0.12508102599531412,1.0,5,5,9.29015229717,9
863,97,1000,50,10,1,0.043204166926443584,0.07945099100470543,1.0,5,5,9.74607117762,6
864,98,1000,50,50,1,0.15644133416935802,0.13628668198361993,1.0,5,5,11.559941201300001,3
865,99,2000,2,2,1,0.03663164400495589,0.05451076896861196,1.0,5,5,1.56712384504,4
